Accession,Residue,BepiPred-3.0 score,BepiPred_score,Position
prot14_B.burg,M,0.157836974,0.081371763,1
prot14_B.burg,K,0.203350261,0.090180147,2
prot14_B.burg,I,0.107377768,0.097238704,3
prot14_B.burg,I,0.127237827,0.104080367,4
prot14_B.burg,N,0.136543036,0.109069767,5
prot14_B.burg,I,0.079275459,0.096761609,6
prot14_B.burg,L,0.06352701,0.081024143,7
prot14_B.burg,F,0.061574973,0.076477297,8
prot14_B.burg,C,0.044904593,0.068567257,9
prot14_B.burg,L,0.047063556,0.060124357,10
prot14_B.burg,L,0.061713066,0.059502518,11
prot14_B.burg,L,0.066456154,0.06541749,12
prot14_B.burg,I,0.056047466,0.070870545,13
prot14_B.burg,V,0.060556937,0.076027838,14
prot14_B.burg,L,0.073678911,0.09056132,15
prot14_B.burg,N,0.116761759,0.101643903,16
prot14_B.burg,S,0.110652462,0.122729131,17
prot14_B.burg,C,0.091320232,0.145958277,18
prot14_B.burg,N,0.177864894,0.170102785,19
prot14_B.burg,A,0.161456317,0.192643987,20
prot14_B.burg,N,0.256223202,0.209259992,21
prot14_B.burg,D,0.265109777,0.227588402,22
prot14_B.burg,N,0.277857512,0.249167096,23
prot14_B.burg,D,0.276549727,0.261262943,24
prot14_B.burg,T,0.266305804,0.275147819,25
prot14_B.burg,F,0.275608152,0.275943352,26
prot14_B.burg,N,0.285528481,0.273433677,27
prot14_B.burg,N,0.286727518,0.272752005,28
prot14_B.burg,N,0.286420196,0.272941965,29
prot14_B.burg,S,0.263383001,0.27361461,30
prot14_B.burg,V,0.242522702,0.273952466,31
prot14_B.burg,Q,0.271722466,0.270446468,32
prot14_B.burg,Q,0.278259367,0.269235334,33
prot14_B.burg,T,0.27235961,0.262374649,34
prot14_B.burg,K,0.278648853,0.255594611,35
prot14_B.burg,S,0.253974497,0.260557534,36
prot14_B.burg,R,0.275827318,0.257143098,37
prot14_B.burg,K,0.224674031,0.250343055,38
prot14_B.burg,K,0.202362657,0.248026331,39
prot14_B.burg,R,0.287189007,0.244663477,40
prot14_B.burg,D,0.240992546,0.246293936,41
prot14_B.burg,L,0.217058972,0.244577421,42
prot14_B.burg,S,0.2515091,0.243439487,43
prot14_B.burg,Q,0.248383164,0.242007355,44
prot14_B.burg,K,0.268648624,0.239225394,45
prot14_B.burg,E,0.260378689,0.241273251,46
prot14_B.burg,L,0.214432627,0.245694404,47
prot14_B.burg,L,0.189473465,0.24686947,48
prot14_B.burg,Q,0.262151361,0.244501452,49
prot14_B.burg,Q,0.259423256,0.241317102,50
prot14_B.burg,E,0.256849349,0.227495935,51
prot14_B.burg,K,0.262084693,0.232352591,52
prot14_B.burg,I,0.227071002,0.240159622,53
prot14_B.burg,T,0.239989474,0.238528189,54
prot14_B.burg,L,0.135988191,0.22777054,55
prot14_B.burg,T,0.258142531,0.227656517,56
prot14_B.burg,S,0.259736747,0.229722612,57
prot14_B.burg,D,0.247468457,0.221661725,58
prot14_B.burg,E,0.162604421,0.207126,59
prot14_B.burg,E,0.255823135,0.220774915,60
prot14_B.burg,K,0.280679554,0.210980246,61
prot14_B.burg,M,0.154523015,0.19191226,62
prot14_B.burg,F,0.109167948,0.179707706,63
prot14_B.burg,T,0.258828431,0.189436376,64
prot14_B.burg,S,0.16999051,0.17303325,65
prot14_B.burg,L,0.088124871,0.152972634,66
prot14_B.burg,V,0.137627468,0.160560807,67
prot14_B.burg,T,0.250162452,0.177748798,68
prot14_B.burg,A,0.108194999,0.1625747,69
prot14_B.burg,F,0.100134015,0.160037456,70
prot14_B.burg,K,0.222816572,0.181245259,71
prot14_B.burg,Y,0.263859868,0.192965529,72
prot14_B.burg,T,0.122261547,0.180462528,73
prot14_B.burg,V,0.147155315,0.192589277,74
prot14_B.burg,E,0.278995097,0.209630841,75
prot14_B.burg,K,0.243109897,0.216111931,76
prot14_B.burg,L,0.13763544,0.216802513,77
prot14_B.burg,S,0.217335746,0.235504617,78
prot14_B.burg,G,0.253508091,0.246610641,79
prot14_B.burg,D,0.281146377,0.241570911,80
prot14_B.burg,T,0.270075113,0.246428053,81
prot14_B.burg,N,0.290580481,0.263468239,82
prot14_B.burg,G,0.247109532,0.271616517,83
prot14_B.burg,C,0.233637527,0.273881636,84
prot14_B.burg,N,0.286824167,0.27461527,85
prot14_B.burg,N,0.290997118,0.276971968,86
prot14_B.burg,E,0.290670246,0.273549734,87
prot14_B.burg,N,0.273894161,0.262628916,88
prot14_B.burg,K,0.287749082,0.267240791,89
prot14_B.burg,N,0.291285396,0.259042275,90
prot14_B.burg,K,0.259780377,0.248087433,91
prot14_B.burg,C,0.148822173,0.240240633,92
prot14_B.burg,T,0.275144398,0.241276648,93
prot14_B.burg,G,0.213037521,0.237712095,94
prot14_B.burg,F,0.19240354,0.221009047,95
prot14_B.burg,F,0.220049053,0.219477885,96
prot14_B.burg,D,0.283218294,0.234665482,97
prot14_B.burg,W,0.255668104,0.230269858,98
prot14_B.burg,L,0.140957966,0.231099622,99
prot14_B.burg,S,0.245999917,0.238878941,100
prot14_B.burg,E,0.28551054,0.243427623,101
prot14_B.burg,D,0.235583782,0.233718875,102
prot14_B.burg,I,0.220505401,0.235218426,103
prot14_B.burg,Q,0.262417406,0.247014261,104
prot14_B.burg,K,0.260987192,0.236843987,105
prot14_B.burg,Q,0.195839569,0.223124795,106
prot14_B.burg,K,0.269164056,0.22293263,107
prot14_B.burg,E,0.247120485,0.211603153,108
prot14_B.burg,L,0.154467449,0.195522372,109
prot14_B.burg,A,0.16203782,0.190270307,110
prot14_B.burg,G,0.233854294,0.192354284,111
prot14_B.burg,A,0.118540108,0.173818558,112
prot14_B.burg,F,0.117690377,0.167041984,113
prot14_B.burg,T,0.213718608,0.17989175,114
prot14_B.burg,K,0.214595363,0.183790578,115
prot14_B.burg,V,0.102342524,0.170115466,116
prot14_B.burg,Y,0.186131313,0.187360898,117
prot14_B.burg,N,0.270115346,0.20191396,118
prot14_B.burg,F,0.197127268,0.204553355,119
prot14_B.burg,L,0.110778287,0.201343342,120
prot14_B.burg,K,0.273748994,0.219829053,121
prot14_B.burg,S,0.24866794,0.229813793,122
prot14_B.burg,K,0.23747316,0.231232281,123
prot14_B.burg,A,0.185705245,0.230542113,124
prot14_B.burg,Q,0.268713921,0.238023582,125
prot14_B.burg,N,0.275993973,0.236690372,126
prot14_B.burg,E,0.282881737,0.23083563,127
prot14_B.burg,A,0.190915763,0.221879232,128
prot14_B.burg,F,0.178111508,0.219710847,129
prot14_B.burg,D,0.261750102,0.219101303,130
prot14_B.burg,T,0.195975259,0.207132242,131
prot14_B.burg,Y,0.156865582,0.188480089,132
prot14_B.burg,I,0.166189775,0.190294589,133
prot14_B.burg,K,0.263228029,0.194606778,134
prot14_B.burg,G,0.168272421,0.178396373,135
prot14_B.burg,A,0.115012363,0.181162161,136
prot14_B.burg,I,0.207246259,0.19421005,137
prot14_B.burg,D,0.21692121,0.193848352,138
prot14_B.burg,C,0.115856461,0.177815307,139
prot14_B.burg,K,0.220867351,0.185978295,140
prot14_B.burg,K,0.274296582,0.198299179,141
prot14_B.burg,T,0.162934497,0.188245728,142
prot14_B.burg,L,0.118930615,0.184859818,143
prot14_B.burg,H,0.241739318,0.199251781,144
prot14_B.burg,K,0.225900322,0.19551255,145
prot14_B.burg,I,0.116765194,0.181565344,146
prot14_B.burg,V,0.186448023,0.188870208,147
prot14_B.burg,I,0.245384127,0.20310222,148
prot14_B.burg,I,0.18721427,0.197265235,149
prot14_B.burg,I,0.148771733,0.202922481,150
prot14_B.burg,T,0.228678271,0.220279146,151
prot14_B.burg,N,0.247018725,0.220528869,152
prot14_B.burg,M,0.189206451,0.224585118,153
prot14_B.burg,E,0.276815534,0.23154088,154
prot14_B.burg,K,0.272975177,0.237175667,155
prot14_B.burg,V,0.188695535,0.241995608,156
prot14_B.burg,R,0.281890363,0.238744532,157
prot14_B.burg,T,0.249816135,0.244139082,158
prot14_B.burg,K,0.19948481,0.233808042,159
prot14_B.burg,R,0.272057742,0.23551905,160
prot14_B.burg,A,0.217759043,0.242475387,161
prot14_B.burg,Y,0.2377574,0.236712507,162
prot14_B.burg,F,0.183836177,0.226853578,163
prot14_B.burg,R,0.288374245,0.23327499,164
prot14_B.burg,G,0.25130257,0.232316219,165
prot14_B.burg,V,0.230024442,0.23010413,166
prot14_B.burg,A,0.16108577,0.230294211,167
prot14_B.burg,G,0.257277519,0.241046301,168
prot14_B.burg,S,0.263428807,0.241103134,169
prot14_B.burg,I,0.197850242,0.245542531,170
prot14_B.burg,F,0.239468127,0.252357321,171
prot14_B.burg,T,0.280604988,0.266725078,172
prot14_B.burg,D,0.288885742,0.27009384,173
prot14_B.burg,N,0.291257143,0.272878907,174
prot14_B.burg,N,0.291357547,0.277281639,175
prot14_B.burg,D,0.290395588,0.26990795,176
prot14_B.burg,N,0.287596375,0.263578347,177
prot14_B.burg,D,0.288494408,0.262011798,178
prot14_B.burg,G,0.237474829,0.246692547,179
prot14_B.burg,I,0.173104927,0.22750535,180
prot14_B.burg,Y,0.223638564,0.220805927,181
prot14_B.burg,K,0.2747868,0.219447975,182
prot14_B.burg,C,0.153383881,0.215361079,183
prot14_B.burg,L,0.118672781,0.205565962,184
prot14_B.burg,K,0.230100781,0.215701366,185
prot14_B.burg,D,0.2753748,0.222730522,186
prot14_B.burg,E,0.251712352,0.221911146,187
prot14_B.burg,L,0.14931877,0.229192697,188
prot14_B.burg,L,0.264323562,0.245722287,189
prot14_B.burg,N,0.286900967,0.251824088,190
prot14_B.burg,D,0.267412424,0.247163198,191
prot14_B.burg,T,0.218917832,0.246904272,192
prot14_B.burg,S,0.267439097,0.262634291,193
prot14_B.burg,N,0.285016984,0.261051469,194
prot14_B.burg,H,0.233426794,0.253322749,195
prot14_B.burg,Y,0.249382019,0.251956845,196
prot14_B.burg,E,0.290888935,0.2572442,197
prot14_B.burg,G,0.250078171,0.256594833,198
prot14_B.burg,L,0.217342481,0.253160202,199
prot14_B.burg,T,0.255119294,0.257378845,200
prot14_B.burg,S,0.266504019,0.25590129,201
prot14_B.burg,D,0.261594802,0.223580297,202
prot14_B.burg,W,0.2541053,0.195793834,203
prot14_B.burg,D,0.271394581,0.171644669,204
prot14_B.burg,N,0.236084029,0.143298081,205
prot30_B.burg,M,0.166116834,0.080494782,1
prot30_B.burg,K,0.204904199,0.088058933,2
prot30_B.burg,I,0.1078768,0.094864594,3
prot30_B.burg,I,0.116323128,0.101813011,4
prot30_B.burg,N,0.129232079,0.106084165,5
prot30_B.burg,I,0.068077356,0.092550074,6
prot30_B.burg,L,0.061250951,0.077070612,7
prot30_B.burg,F,0.062535755,0.071764169,8
prot30_B.burg,C,0.03844038,0.065750282,9
prot30_B.burg,L,0.044310022,0.05895664,10
prot30_B.burg,F,0.065589041,0.059166823,11
prot30_B.burg,L,0.060118806,0.066640722,12
prot30_B.burg,L,0.062198151,0.068019868,13
prot30_B.burg,M,0.068089299,0.078520883,14
prot30_B.burg,L,0.069968998,0.095866212,15
prot30_B.burg,N,0.128516048,0.114802238,16
prot30_B.burg,G,0.074948065,0.139256383,17
prot30_B.burg,C,0.132949516,0.163733638,18
prot30_B.burg,N,0.200417981,0.18568602,19
prot30_B.burg,S,0.236013278,0.209952686,20
prot30_B.burg,N,0.280206114,0.225614439,21
prot30_B.burg,D,0.282493442,0.248756775,22
prot30_B.burg,T,0.265660733,0.265984095,23
prot30_B.burg,N,0.288369,0.274969113,24
prot30_B.burg,T,0.269471824,0.28121437,25
prot30_B.burg,S,0.283229083,0.280900806,26
prot30_B.burg,Q,0.287995398,0.281989631,27
prot30_B.burg,T,0.28128314,0.282474717,28
prot30_B.burg,K,0.292220592,0.27955184,29
prot30_B.burg,S,0.277384043,0.282352924,30
prot30_B.burg,R,0.292292863,0.281109757,31
prot30_B.burg,Q,0.270026505,0.278775894,32
prot30_B.burg,K,0.262063116,0.278792053,33
prot30_B.burg,R,0.294681579,0.278783646,34
prot30_B.burg,D,0.272040576,0.280656209,35
prot30_B.burg,L,0.266990632,0.28081734,36
prot30_B.burg,T,0.281428576,0.282751557,37
prot30_B.burg,Q,0.292144924,0.286030418,38
prot30_B.burg,K,0.294237107,0.285884437,39
prot30_B.burg,E,0.293743044,0.28835789,40
prot30_B.burg,I,0.287434459,0.291347911,41
prot30_B.burg,T,0.291572869,0.292634371,42
prot30_B.burg,Q,0.293367743,0.292820474,43
prot30_B.burg,E,0.294301659,0.292625487,44
prot30_B.burg,K,0.293900818,0.292541428,45
prot30_B.burg,P,0.293006718,0.287831353,46
prot30_B.burg,K,0.293819845,0.28559843,47
prot30_B.burg,S,0.292482227,0.281457653,48
prot30_B.burg,K,0.292986512,0.267185893,49
prot30_B.burg,E,0.245043784,0.265637047,50
prot30_B.burg,E,0.271476567,0.264261481,51
prot30_B.burg,L,0.256100744,0.264084236,52
prot30_B.burg,L,0.165855825,0.246152813,53
prot30_B.burg,R,0.279961199,0.245060462,54
prot30_B.burg,E,0.280626625,0.25030529,55
prot30_B.burg,R,0.292224646,0.249729936,56
prot30_B.burg,L,0.131099418,0.238082712,57
prot30_B.burg,S,0.283155352,0.250962123,58
prot30_B.burg,N,0.292247236,0.251419851,59
prot30_B.burg,D,0.266298383,0.241660274,60
prot30_B.burg,Q,0.151275724,0.222999673,61
prot30_B.burg,K,0.281770527,0.240128473,62
prot30_B.burg,T,0.284080744,0.233912951,63
prot30_B.burg,H,0.192790434,0.210542532,64
prot30_B.burg,L,0.124279238,0.210541314,65
prot30_B.burg,D,0.285258621,0.223631143,66
prot30_B.burg,W,0.227215648,0.207855613,67
prot30_B.burg,L,0.081913471,0.191459465,68
prot30_B.burg,K,0.266287416,0.201319906,69
prot30_B.burg,T,0.269084185,0.217173297,70
prot30_B.burg,A,0.139790758,0.209374446,71
prot30_B.burg,L,0.136515409,0.213079865,72
prot30_B.burg,T,0.281534404,0.236383936,73
prot30_B.burg,G,0.266959757,0.231698687,74
prot30_B.burg,A,0.215068966,0.232794482,75
prot30_B.burg,G,0.260564417,0.248636468,76
prot30_B.burg,E,0.291650116,0.259399742,77
prot30_B.burg,F,0.22412017,0.253543067,78
prot30_B.burg,D,0.27894634,0.256448151,79
prot30_B.burg,K,0.28236863,0.263263244,80
prot30_B.burg,F,0.233384877,0.263280768,81
prot30_B.burg,L,0.228824332,0.26278043,82
prot30_B.burg,E,0.293105513,0.269811559,83
prot30_B.burg,N,0.276404798,0.26960692,84
prot30_B.burg,D,0.260722131,0.251423846,85
prot30_B.burg,E,0.287147075,0.256574117,86
prot30_B.burg,G,0.287400335,0.26024864,87
prot30_B.burg,K,0.277104586,0.239982809,88
prot30_B.burg,I,0.118720964,0.221686483,89
prot30_B.burg,K,0.279737324,0.224661033,90
prot30_B.burg,S,0.261895031,0.220011065,91
prot30_B.burg,A,0.110713042,0.198037554,92
prot30_B.burg,L,0.111737862,0.191908279,93
prot30_B.burg,E,0.28749308,0.206684117,94
prot30_B.burg,H,0.245297357,0.196861344,95
prot30_B.burg,I,0.08963874,0.179823365,96
prot30_B.burg,K,0.221941113,0.197888705,97
prot30_B.burg,T,0.251703501,0.216240539,98
prot30_B.burg,E,0.19133237,0.199596646,99
prot30_B.burg,L,0.108553223,0.204626945,100
prot30_B.burg,D,0.273301095,0.222298535,101
prot30_B.burg,K,0.276904374,0.229879885,102
prot30_B.burg,C,0.137698039,0.234344588,103
prot30_B.burg,N,0.29057005,0.245633677,104
prot30_B.burg,G,0.24868305,0.25816749,105
prot30_B.burg,N,0.290173262,0.256809677,106
prot30_B.burg,D,0.291885823,0.258598939,107
prot30_B.burg,D,0.292934179,0.269520665,108
prot30_B.burg,G,0.221357539,0.251194626,109
prot30_B.burg,K,0.261080772,0.252408735,110
prot30_B.burg,N,0.293007731,0.251456776,111
prot30_B.burg,T,0.235993579,0.239156248,112
prot30_B.burg,F,0.125635698,0.218202656,113
prot30_B.burg,K,0.259610027,0.224460169,114
prot30_B.burg,Q,0.281605631,0.2263917,115
prot30_B.burg,V,0.181181073,0.214766346,116
prot30_B.burg,V,0.104351856,0.214489361,117
prot30_B.burg,Q,0.277675152,0.232740329,118
prot30_B.burg,G,0.278464556,0.23552009,119
prot30_B.burg,A,0.188379541,0.230683346,120
prot30_B.burg,F,0.233500719,0.235559454,121
prot30_B.burg,G,0.289894402,0.256423712,122
prot30_B.burg,G,0.284627885,0.256972379,123
prot30_B.burg,G,0.238074929,0.240816499,124
prot30_B.burg,I,0.225066051,0.245802553,125
prot30_B.burg,D,0.292130172,0.251371154,126
prot30_B.burg,K,0.282613158,0.246337917,127
prot30_B.burg,I,0.133061633,0.227670114,128
prot30_B.burg,T,0.23325403,0.230132627,129
prot30_B.burg,T,0.283618122,0.237557165,130
prot30_B.burg,E,0.244595274,0.225731534,131
prot30_B.burg,A,0.116617657,0.213014176,132
prot30_B.burg,T,0.260237545,0.228595024,133
prot30_B.burg,T,0.291886896,0.234838546,134
prot30_B.burg,A,0.185699493,0.231311388,135
prot30_B.burg,C,0.168156937,0.235022282,136
prot30_B.burg,G,0.273289263,0.253409371,137
prot30_B.burg,N,0.289445728,0.224494088,138
prot30_B.burg,G,0.251873702,0.192062211,139
prot30_B.burg,G,0.277993321,0.171428934,140
prot30_B.burg,S,0.282101452,0.15274483,141
prot31_B.burg,M,0.16331017,0.081420375,1
prot31_B.burg,K,0.208049819,0.089008953,2
prot31_B.burg,I,0.111187138,0.095673636,3
prot31_B.burg,I,0.118295945,0.10250574,4
prot31_B.burg,N,0.131940305,0.106816729,5
prot31_B.burg,I,0.0682972,0.093515089,6
prot31_B.burg,L,0.059982147,0.077827216,7
prot31_B.burg,F,0.061488934,0.072234906,8
prot31_B.burg,C,0.038798902,0.065678109,9
prot31_B.burg,L,0.043595407,0.058279826,10
prot31_B.burg,F,0.06685897,0.057929016,11
prot31_B.burg,L,0.060856342,0.065870188,12
prot31_B.burg,L,0.059284773,0.067143712,13
prot31_B.burg,M,0.065355755,0.077110009,14
prot31_B.burg,L,0.065139912,0.093879333,15
prot31_B.burg,N,0.131452695,0.113417253,16
prot31_B.burg,G,0.072950654,0.137748949,17
prot31_B.burg,C,0.128495574,0.16281412,18
prot31_B.burg,N,0.194519326,0.184382841,19
prot31_B.burg,S,0.242700249,0.209204474,20
prot31_B.burg,N,0.279841602,0.224592362,21
prot31_B.burg,D,0.28487131,0.248136585,22
prot31_B.burg,T,0.259474248,0.266013856,23
prot31_B.burg,N,0.288534611,0.275485078,24
prot31_B.burg,T,0.269943684,0.281099502,25
prot31_B.burg,S,0.28484866,0.281328294,26
prot31_B.burg,Q,0.289391011,0.282240758,27
prot31_B.burg,T,0.279760331,0.283918854,28
prot31_B.burg,K,0.293230057,0.281511042,29
prot31_B.burg,S,0.281900734,0.284312639,30
prot31_B.burg,R,0.293083489,0.282129152,31
prot31_B.burg,Q,0.274577111,0.279241843,32
prot31_B.burg,K,0.2668643,0.278387388,33
prot31_B.burg,R,0.295158058,0.277805017,34
prot31_B.burg,D,0.265197277,0.27918311,35
prot31_B.burg,L,0.263405234,0.279357251,36
prot31_B.burg,T,0.272070229,0.281566358,37
prot31_B.burg,Q,0.287988722,0.284049683,38
prot31_B.burg,K,0.294303566,0.283959041,39
prot31_B.burg,E,0.294650763,0.287252648,40
prot31_B.burg,E,0.294459075,0.290733761,41
prot31_B.burg,V,0.289214224,0.293248316,42
prot31_B.burg,Q,0.294342279,0.293988738,43
prot31_B.burg,Q,0.29483974,0.293993311,44
prot31_B.burg,E,0.294735253,0.293626567,45
prot31_B.burg,K,0.294701219,0.293251342,46
prot31_B.burg,P,0.294652522,0.287210267,47
prot31_B.burg,K,0.294344723,0.283687656,48
prot31_B.burg,S,0.291350067,0.276410732,49
prot31_B.burg,K,0.291082054,0.259462504,50
prot31_B.burg,E,0.23484455,0.256073486,51
prot31_B.burg,E,0.262638777,0.254173035,52
prot31_B.burg,L,0.229347423,0.252357392,53
prot31_B.burg,L,0.1422012,0.231252764,54
prot31_B.burg,R,0.264200062,0.225706037,55
prot31_B.burg,E,0.277548462,0.231626114,56
prot31_B.burg,K,0.278003931,0.226818783,57
prot31_B.burg,L,0.101408415,0.213478754,58
prot31_B.burg,S,0.24116151,0.227568294,59
prot31_B.burg,D,0.288125247,0.227101457,60
prot31_B.burg,D,0.219372794,0.212090318,61
prot31_B.burg,Q,0.109287165,0.191655091,62
prot31_B.burg,K,0.269007057,0.210992975,63
prot31_B.burg,T,0.25999853,0.20550941,64
prot31_B.burg,H,0.142448217,0.181535435,65
prot31_B.burg,L,0.094086885,0.18551566,66
prot31_B.burg,D,0.275449365,0.202236902,67
prot31_B.burg,W,0.191809431,0.185738446,68
prot31_B.burg,L,0.072359473,0.172491343,69
prot31_B.burg,K,0.255194813,0.184330492,70
prot31_B.burg,T,0.259778351,0.201314145,71
prot31_B.burg,A,0.120520949,0.202627629,72
prot31_B.burg,L,0.140774608,0.209072063,73
prot31_B.burg,T,0.249000549,0.233685984,74
prot31_B.burg,A,0.246939763,0.22926336,75
prot31_B.burg,D,0.287270725,0.232566703,76
prot31_B.burg,G,0.24980934,0.247426237,77
prot31_B.burg,E,0.293884754,0.255029048,78
prot31_B.burg,F,0.215391204,0.256495259,79
prot31_B.burg,D,0.289508432,0.261455059,80
prot31_B.burg,T,0.254256755,0.257298268,81
prot31_B.burg,F,0.209199905,0.257626489,82
prot31_B.burg,L,0.262196451,0.256957851,83
prot31_B.burg,Q,0.291577965,0.265344934,84
prot31_B.burg,H,0.249859601,0.261696633,85
prot31_B.burg,D,0.252763331,0.248621772,86
prot31_B.burg,E,0.28786701,0.257523325,87
prot31_B.burg,S,0.290874958,0.256466568,88
prot31_B.burg,K,0.256673723,0.234823319,89
prot31_B.burg,I,0.136583,0.221705967,90
prot31_B.burg,K,0.289313883,0.223523227,91
prot31_B.burg,T,0.252685636,0.213502016,92
prot31_B.burg,A,0.096788727,0.190369371,93
prot31_B.burg,L,0.131803438,0.186666629,94
prot31_B.burg,D,0.269118667,0.201503719,95
prot31_B.burg,H,0.197676107,0.187038814,96
prot31_B.burg,I,0.082681157,0.168697728,97
prot31_B.burg,K,0.22334905,0.187195166,98
prot31_B.burg,K,0.270116806,0.201430933,99
prot31_B.burg,E,0.159129739,0.184342486,100
prot31_B.burg,L,0.087615862,0.193993609,101
prot31_B.burg,D,0.263265669,0.206050689,102
prot31_B.burg,K,0.259925336,0.211335964,103
prot31_B.burg,C,0.115322649,0.213129381,104
prot31_B.burg,N,0.284536213,0.228066845,105
prot31_B.burg,G,0.191194877,0.239522517,106
prot31_B.burg,N,0.270916522,0.237255658,107
prot31_B.burg,D,0.286257565,0.240641536,108
prot31_B.burg,E,0.293566912,0.256327568,109
prot31_B.burg,G,0.190716907,0.23701973,110
prot31_B.burg,K,0.242863938,0.243339952,111
prot31_B.burg,N,0.29039824,0.245294077,112
prot31_B.burg,N,0.256496936,0.233608392,113
prot31_B.burg,F,0.110765673,0.211015263,114
prot31_B.burg,K,0.248076871,0.218261892,115
prot31_B.burg,Q,0.288503647,0.220451159,116
prot31_B.burg,V,0.181086406,0.202389418,117
prot31_B.burg,V,0.090228751,0.197799539,118
prot31_B.burg,Q,0.255936563,0.218047829,119
prot31_B.burg,G,0.262567341,0.220929262,120
prot31_B.burg,A,0.127842575,0.2201511,121
prot31_B.burg,L,0.215188026,0.230193047,122
prot31_B.burg,N,0.293000281,0.251765225,123
prot31_B.burg,K,0.274009764,0.246785838,124
prot31_B.burg,G,0.28150019,0.250153209,125
prot31_B.burg,T,0.271463931,0.268344232,126
prot31_B.burg,D,0.28437835,0.263897502,127
prot31_B.burg,I,0.211122081,0.249625595,128
prot31_B.burg,D,0.292873681,0.250103008,129
prot31_B.burg,N,0.291561782,0.247344221,130
prot31_B.burg,F,0.175167456,0.226995967,131
prot31_B.burg,A,0.164553121,0.220059322,132
prot31_B.burg,S,0.278306484,0.228535462,133
prot31_B.burg,N,0.256671101,0.217415207,134
prot31_B.burg,A,0.088329643,0.19519998,135
prot31_B.burg,I,0.221948549,0.205612217,136
prot31_B.burg,T,0.287407339,0.212561748,137
prot31_B.burg,T,0.192791387,0.209917991,138
prot31_B.burg,C,0.091624737,0.20814814,139
prot31_B.burg,N,0.268877596,0.198333735,140
prot31_B.burg,I,0.227098897,0.173672785,141
prot31_B.burg,G,0.254512668,0.141738637,142
prot31_B.burg,G,0.240742445,0.120317371,143
prot32_B.burg,M,0.143967062,0.075692222,1
prot32_B.burg,K,0.203000262,0.083070397,2
prot32_B.burg,I,0.103707604,0.088162524,3
prot32_B.burg,I,0.10737177,0.093314393,4
prot32_B.burg,N,0.123183303,0.096938084,5
prot32_B.burg,I,0.066403568,0.085266269,6
prot32_B.burg,L,0.045829143,0.069019352,7
prot32_B.burg,F,0.046366822,0.062914113,8
prot32_B.burg,C,0.032613225,0.056244032,9
prot32_B.burg,I,0.038920727,0.048180797,10
prot32_B.burg,S,0.056778003,0.046491297,11
prot32_B.burg,L,0.048760459,0.051280268,12
prot32_B.burg,L,0.047341038,0.054924606,13
prot32_B.burg,L,0.050614189,0.060782076,14
prot32_B.burg,L,0.051198065,0.075464313,15
prot32_B.burg,N,0.088929884,0.091861315,16
prot32_B.burg,S,0.079165868,0.115108324,17
prot32_B.burg,C,0.085330449,0.138796062,18
prot32_B.burg,N,0.17106086,0.162226014,19
prot32_B.burg,S,0.204351023,0.186214079,20
prot32_B.burg,N,0.257983536,0.201175039,21
prot32_B.burg,D,0.26053068,0.221009532,22
prot32_B.burg,N,0.261483759,0.243243628,23
prot32_B.burg,D,0.267090648,0.255414294,24
prot32_B.burg,T,0.223578528,0.26283365,25
prot32_B.burg,L,0.257676303,0.261317939,26
prot32_B.burg,K,0.285437316,0.262973663,27
prot32_B.burg,N,0.280596852,0.265289393,28
prot32_B.burg,N,0.271125227,0.264935142,29
prot32_B.burg,A,0.244342133,0.271753915,30
prot32_B.burg,Q,0.275432199,0.272208768,31
prot32_B.burg,Q,0.282325327,0.271907368,32
prot32_B.burg,T,0.263902396,0.267405366,33
prot32_B.burg,K,0.284947485,0.262213022,34
prot32_B.burg,S,0.26176998,0.266822783,35
prot32_B.burg,R,0.282724708,0.262053713,36
prot32_B.burg,K,0.240078837,0.255406204,37
prot32_B.burg,K,0.224394128,0.254698147,38
prot32_B.burg,R,0.285829991,0.253987683,39
prot32_B.burg,D,0.232510567,0.256697983,40
prot32_B.burg,L,0.222497746,0.256845944,41
prot32_B.burg,S,0.257529885,0.259827177,42
prot32_B.burg,Q,0.278553307,0.263739621,43
prot32_B.burg,E,0.286162674,0.264025239,44
prot32_B.burg,E,0.284056365,0.269622232,45
prot32_B.burg,L,0.266909927,0.276597437,46
prot32_B.burg,P,0.259606123,0.27983938,47
prot32_B.burg,Q,0.288400561,0.274910573,48
prot32_B.burg,Q,0.282883495,0.271765444,49
prot32_B.burg,E,0.285274595,0.260273801,50
prot32_B.burg,K,0.286707371,0.260323104,51
prot32_B.burg,I,0.23419404,0.260918356,52
prot32_B.burg,T,0.257856518,0.257060283,53
prot32_B.burg,L,0.180631578,0.24411695,54
prot32_B.burg,T,0.267353654,0.24012505,55
prot32_B.burg,P,0.264963388,0.237369412,56
prot32_B.burg,D,0.253677905,0.226272005,57
prot32_B.burg,E,0.166393504,0.212700162,58
prot32_B.burg,E,0.249347493,0.216099819,59
prot32_B.burg,K,0.261906624,0.202219248,60
prot32_B.burg,M,0.134317383,0.183565846,61
prot32_B.burg,F,0.135709926,0.179185958,62
prot32_B.burg,A,0.21122849,0.184037941,63
prot32_B.burg,S,0.142428517,0.171010507,64
prot32_B.burg,L,0.097082771,0.158891791,65
prot32_B.burg,K,0.214258909,0.167552075,66
prot32_B.burg,T,0.210061356,0.179646104,67
prot32_B.burg,L,0.132100582,0.171368916,68
prot32_B.burg,F,0.152838185,0.171566697,69
prot32_B.burg,T,0.212259933,0.192353353,70
prot32_B.burg,Y,0.244556189,0.194094487,71
prot32_B.burg,T,0.1367338,0.182027578,72
prot32_B.burg,I,0.14420855,0.189593776,73
prot32_B.burg,E,0.28416267,0.202304561,74
prot32_B.burg,K,0.229929119,0.193779685,75
prot32_B.burg,L,0.101459168,0.178915065,76
prot32_B.burg,Y,0.20019637,0.189925682,77
prot32_B.burg,D,0.267235249,0.202762678,78
prot32_B.burg,D,0.135536045,0.189565423,79
prot32_B.burg,M,0.110774614,0.186566318,80
prot32_B.burg,Q,0.235829353,0.20687176,81
prot32_B.burg,E,0.259741515,0.212307375,82
prot32_B.burg,C,0.165387377,0.214679878,83
prot32_B.burg,S,0.202937171,0.230412835,84
prot32_B.burg,N,0.284208149,0.25040561,85
prot32_B.burg,G,0.249116898,0.252572189,86
prot32_B.burg,N,0.288587779,0.23968807,87
prot32_B.burg,K,0.27713266,0.249586228,88
prot32_B.burg,N,0.290709585,0.25351698,89
prot32_B.burg,K,0.255328566,0.24394688,90
prot32_B.burg,C,0.143784449,0.227656462,91
prot32_B.burg,E,0.254470795,0.222591963,92
prot32_B.burg,S,0.238313943,0.21632174,93
prot32_B.burg,K,0.198077247,0.198325114,94
prot32_B.burg,C,0.102503136,0.190948382,95
prot32_B.burg,N,0.243007287,0.205213285,96
prot32_B.burg,N,0.220700651,0.201317944,97
prot32_B.burg,F,0.128739953,0.187248424,98
prot32_B.burg,F,0.188937977,0.190192189,99
prot32_B.burg,N,0.272168577,0.204433968,100
prot32_B.burg,W,0.219412729,0.202124086,101
prot32_B.burg,L,0.111688256,0.200146776,102
prot32_B.burg,S,0.224571139,0.216129308,103
prot32_B.burg,T,0.230679139,0.224004219,104
prot32_B.burg,N,0.22221835,0.218215585,105
prot32_B.burg,I,0.202904865,0.224427933,106
prot32_B.burg,Q,0.27258274,0.238555916,107
prot32_B.burg,K,0.259812176,0.228027508,108
prot32_B.burg,Q,0.220070869,0.219155058,109
prot32_B.burg,K,0.275323868,0.221032032,110
prot32_B.burg,E,0.238840103,0.208983197,111
prot32_B.burg,L,0.129815459,0.192389289,112
prot32_B.burg,A,0.150827095,0.18568775,113
prot32_B.burg,N,0.239111111,0.181617425,114
prot32_B.burg,A,0.094465353,0.162369608,115
prot32_B.burg,F,0.123237565,0.158812946,116
prot32_B.burg,T,0.199498326,0.164177347,117
prot32_B.burg,K,0.183437943,0.16618755,118
prot32_B.burg,V,0.102093518,0.152824396,119
prot32_B.burg,Y,0.206830144,0.169994911,120
prot32_B.burg,A,0.178095073,0.17970713,121
prot32_B.burg,F,0.168918923,0.181338537,122
prot32_B.burg,L,0.118842721,0.18816479,123
prot32_B.burg,E,0.248999983,0.204635743,124
prot32_B.burg,S,0.210647538,0.206750656,125
prot32_B.burg,K,0.214180991,0.216682542,126
prot32_B.burg,R,0.244874224,0.221588516,127
prot32_B.burg,Q,0.250332087,0.233446227,128
prot32_B.burg,S,0.225864366,0.232073342,129
prot32_B.burg,K,0.267482042,0.240110275,130
prot32_B.burg,A,0.213072687,0.237800861,131
prot32_B.burg,S,0.225562125,0.228694086,132
prot32_B.burg,G,0.236644015,0.225820356,133
prot32_B.burg,E,0.282979935,0.220464044,134
prot32_B.burg,S,0.19339627,0.207272586,135
prot32_B.burg,F,0.162913248,0.199039494,136
prot32_B.burg,D,0.224468514,0.199405644,137
prot32_B.burg,T,0.17765756,0.189294822,138
prot32_B.burg,Y,0.148758918,0.16930059,139
prot32_B.burg,I,0.13897486,0.164488957,140
prot32_B.burg,K,0.228857473,0.16875818,141
prot32_B.burg,G,0.145646617,0.158147937,142
prot32_B.burg,A,0.103031851,0.158048535,143
prot32_B.burg,I,0.150091574,0.16994281,144
prot32_B.burg,D,0.20133625,0.183156642,145
prot32_B.burg,C,0.12897633,0.185981304,146
prot32_B.burg,K,0.176762938,0.198174138,147
prot32_B.burg,K,0.2558074,0.213513758,148
prot32_B.burg,N,0.257899344,0.228377466,149
prot32_B.burg,N,0.254279435,0.237758643,150
prot32_B.burg,Q,0.255382121,0.254171969,151
prot32_B.burg,L,0.241088435,0.26498454,152
prot32_B.burg,N,0.283864945,0.264708004,153
prot32_B.burg,N,0.28576684,0.268354994,154
prot32_B.burg,K,0.276696265,0.268718632,155
prot32_B.burg,Y,0.274076074,0.267914111,156
prot32_B.burg,G,0.253318578,0.272531056,157
prot32_B.burg,D,0.290722251,0.270890713,158
prot32_B.burg,G,0.257552177,0.261844926,159
prot32_B.burg,S,0.248141438,0.249774454,160
prot32_B.burg,D,0.282640934,0.249947775,161
prot32_B.burg,N,0.269101858,0.241893227,162
prot32_B.burg,L,0.204354763,0.225340704,163
prot32_B.burg,I,0.168062016,0.213790778,164
prot32_B.burg,E,0.275635958,0.217395196,165
prot32_B.burg,Q,0.180827647,0.203108191,166
prot32_B.burg,Y,0.141749546,0.19295227,167
prot32_B.burg,F,0.153602839,0.185392704,168
prot32_B.burg,R,0.280581206,0.190752016,169
prot32_B.burg,G,0.15405789,0.181895281,170
prot32_B.burg,V,0.177698568,0.181859667,171
prot32_B.burg,A,0.136318669,0.19184473,172
prot32_B.burg,D,0.216295823,0.202721568,173
prot32_B.burg,S,0.19592534,0.200464946,174
prot32_B.burg,T,0.180507123,0.214710568,175
prot32_B.burg,F,0.231615111,0.224828757,176
prot32_B.burg,S,0.251494378,0.238040561,177
prot32_B.burg,H,0.260271609,0.242740836,178
prot32_B.burg,K,0.282268494,0.250158716,179
prot32_B.burg,N,0.268762261,0.257852342,180
prot32_B.burg,S,0.255224913,0.248810861,181
prot32_B.burg,N,0.258598298,0.244467407,182
prot32_B.burg,D,0.262686253,0.24274234,183
prot32_B.burg,E,0.249749765,0.227336903,184
prot32_B.burg,I,0.150241777,0.209767062,185
prot32_B.burg,Y,0.212403297,0.204313929,186
prot32_B.burg,K,0.244746,0.203290855,187
prot32_B.burg,C,0.143619567,0.201573407,188
prot32_B.burg,L,0.110633686,0.189883224,189
prot32_B.burg,K,0.206146717,0.197857564,190
prot32_B.burg,D,0.249390632,0.201891492,191
prot32_B.burg,E,0.247229218,0.203312327,192
prot32_B.burg,L,0.144538119,0.20931609,193
prot32_B.burg,L,0.222010836,0.219447388,194
prot32_B.burg,N,0.24870865,0.217587454,195
prot32_B.burg,D,0.25753352,0.214278218,196
prot32_B.burg,T,0.197653428,0.21477594,197
prot32_B.burg,A,0.201815367,0.220181468,198
prot32_B.burg,G,0.189407319,0.215777947,199
prot32_B.burg,H,0.219607502,0.213954609,200
prot32_B.burg,Y,0.251708716,0.210186821,201
prot32_B.burg,A,0.193187878,0.215836596,202
prot32_B.burg,G,0.182379141,0.22070463,203
prot32_B.burg,L,0.232298613,0.227287188,204
prot32_B.burg,T,0.223623425,0.232163553,205
prot32_B.burg,D,0.248501405,0.231199806,206
prot32_B.burg,N,0.245627671,0.209734486,207
prot32_B.burg,W,0.248650342,0.189470137,208
prot32_B.burg,Q,0.26349479,0.16365918,209
prot32_B.burg,N,0.243034989,0.138812133,210
prot35_B.burg,M,0.140321836,0.06961177,1
prot35_B.burg,K,0.186334252,0.075943141,2
prot35_B.burg,I,0.087348394,0.081376397,3
prot35_B.burg,I,0.102568053,0.086942102,4
prot35_B.burg,N,0.109933399,0.090269412,5
prot35_B.burg,I,0.056982335,0.078576477,6
prot35_B.burg,L,0.048899304,0.063851008,7
prot35_B.burg,F,0.050091345,0.060192288,8
prot35_B.burg,C,0.029945791,0.053822453,9
prot35_B.burg,L,0.035085421,0.046944993,10
prot35_B.burg,F,0.053805031,0.046244959,11
prot35_B.burg,L,0.054419916,0.050731076,12
prot35_B.burg,L,0.045239538,0.053565383,13
prot35_B.burg,L,0.048036259,0.058545132,14
prot35_B.burg,L,0.050682027,0.072143642,15
prot35_B.burg,N,0.089274354,0.088160242,16
prot35_B.burg,S,0.07560011,0.109875383,17
prot35_B.burg,C,0.074763529,0.133146295,18
prot35_B.burg,N,0.157472014,0.157049213,19
prot35_B.burg,S,0.197954431,0.180520597,20
prot35_B.burg,N,0.249856189,0.195643096,21
prot35_B.burg,D,0.254677743,0.214732452,22
prot35_B.burg,N,0.263162524,0.237850707,23
prot35_B.burg,D,0.261924475,0.251467879,24
prot35_B.burg,T,0.225376844,0.259497424,25
prot35_B.burg,L,0.247404322,0.257786511,26
prot35_B.burg,K,0.282827824,0.2596455,27
prot35_B.burg,N,0.280026555,0.261091078,28
prot35_B.burg,N,0.270220339,0.261034338,29
prot35_B.burg,A,0.23445797,0.266742536,30
prot35_B.burg,Q,0.271408647,0.267189039,31
prot35_B.burg,Q,0.276172727,0.266170727,32
prot35_B.burg,T,0.261413813,0.259384463,33
prot35_B.burg,K,0.276750624,0.251755074,34
prot35_B.burg,S,0.251422852,0.257195716,35
prot35_B.burg,R,0.273663014,0.252527734,36
prot35_B.burg,K,0.218950182,0.247249651,37
prot35_B.burg,K,0.201555833,0.246009163,38
prot35_B.burg,R,0.283423752,0.246033577,39
prot35_B.burg,D,0.229396805,0.249822155,40
prot35_B.burg,L,0.228669986,0.250580637,41
prot35_B.burg,S,0.250249416,0.255544518,42
prot35_B.burg,Q,0.276970357,0.261720922,43
prot35_B.burg,E,0.285520047,0.262116104,44
prot35_B.burg,E,0.280489355,0.267883504,45
prot35_B.burg,L,0.263625115,0.273764667,46
prot35_B.burg,P,0.257143468,0.277493553,47
prot35_B.burg,Q,0.286980391,0.272378943,48
prot35_B.burg,Q,0.281303406,0.268584117,49
prot35_B.burg,E,0.281600446,0.253730592,50
prot35_B.burg,K,0.283809394,0.254822989,51
prot35_B.burg,I,0.230938867,0.256749733,52
prot35_B.burg,T,0.251366615,0.251494807,53
prot35_B.burg,L,0.146807626,0.237190904,54
prot35_B.burg,T,0.273456693,0.233186137,55
prot35_B.burg,S,0.274484158,0.229791746,56
prot35_B.burg,D,0.239686057,0.219153268,57
prot35_B.burg,E,0.152568281,0.202316047,58
prot35_B.burg,E,0.245557547,0.211289963,59
prot35_B.burg,K,0.253259867,0.194453312,60
prot35_B.burg,I,0.135192573,0.170473599,61
prot35_B.burg,F,0.099831618,0.1561963,62
prot35_B.burg,T,0.227572873,0.161203413,63
prot35_B.burg,S,0.121926837,0.14207813,64
prot35_B.burg,L,0.058666736,0.123008365,65
prot35_B.burg,V,0.111190371,0.128207613,66
prot35_B.burg,T,0.197632298,0.142668449,67
prot35_B.burg,A,0.073429994,0.128080318,68
prot35_B.burg,F,0.081631981,0.129877576,69
prot35_B.burg,K,0.18198581,0.152258339,70
prot35_B.burg,Y,0.229979143,0.165598436,71
prot35_B.burg,T,0.096279696,0.161256062,72
prot35_B.burg,V,0.138102159,0.176523993,73
prot35_B.burg,E,0.2600936,0.194646973,74
prot35_B.burg,K,0.23125124,0.205803666,75
prot35_B.burg,L,0.158550933,0.210697523,76
prot35_B.burg,S,0.210841373,0.232283728,77
prot35_B.burg,G,0.244738802,0.245265787,78
prot35_B.burg,D,0.282396048,0.24450453,79
prot35_B.burg,T,0.274023861,0.250667524,80
prot35_B.burg,N,0.290555537,0.265309817,81
prot35_B.burg,G,0.254940689,0.274253804,82
prot35_B.burg,C,0.253242284,0.27829553,83
prot35_B.burg,N,0.28671819,0.279212806,84
prot35_B.burg,N,0.290331572,0.281105432,85
prot35_B.burg,E,0.291337252,0.278321882,86
prot35_B.burg,N,0.28111434,0.271172158,87
prot35_B.burg,K,0.29065153,0.271872635,88
prot35_B.burg,N,0.291057497,0.262720949,89
prot35_B.burg,K,0.265503585,0.248615513,90
prot35_B.burg,C,0.190593168,0.239518445,91
prot35_B.burg,T,0.259546578,0.237348843,92
prot35_B.burg,G,0.20435302,0.230223207,93
prot35_B.burg,F,0.163382649,0.214598368,94
prot35_B.burg,F,0.209463641,0.212772957,95
prot35_B.burg,D,0.261587918,0.220129834,96
prot35_B.burg,W,0.226520807,0.218244745,97
prot35_B.burg,L,0.150433943,0.223854951,98
prot35_B.burg,S,0.249074891,0.236712848,99
prot35_B.burg,S,0.256805062,0.244888773,100
prot35_B.burg,T,0.242580771,0.245474835,101
prot35_B.burg,D,0.254844874,0.239841382,102
prot35_B.burg,T,0.279103726,0.253057415,103
prot35_B.burg,Q,0.283046961,0.249397071,104
prot35_B.burg,K,0.266862482,0.231881643,105
prot35_B.burg,Q,0.175819725,0.217752705,106
prot35_B.burg,K,0.269378245,0.216489694,107
prot35_B.burg,E,0.216131791,0.196382553,108
prot35_B.burg,L,0.099166207,0.172933538,109
prot35_B.burg,A,0.115420334,0.162254127,110
prot35_B.burg,Q,0.243477777,0.164263665,111
prot35_B.burg,A,0.098139457,0.140792927,112
prot35_B.burg,F,0.072005823,0.134253415,113
prot35_B.burg,T,0.170747787,0.151022587,114
prot35_B.burg,T,0.193905562,0.159750024,115
prot35_B.burg,A,0.058141608,0.14287059,116
prot35_B.burg,Y,0.157276183,0.162358869,117
prot35_B.burg,N,0.250088751,0.181201897,118
prot35_B.burg,F,0.193967268,0.187715903,119
prot35_B.burg,L,0.091562867,0.195006439,120
prot35_B.burg,E,0.27353397,0.219362054,121
prot35_B.burg,S,0.241593078,0.229404072,122
prot35_B.burg,K,0.229373842,0.231558399,123
prot35_B.burg,R,0.259520382,0.233990489,124
prot35_B.burg,Q,0.277342141,0.251915165,125
prot35_B.burg,S,0.247654349,0.250371246,126
prot35_B.burg,K,0.269477695,0.254302455,127
prot35_B.burg,A,0.215856075,0.251581619,128
prot35_B.burg,Q,0.252884954,0.236440477,129
prot35_B.burg,N,0.259638697,0.231927106,130
prot35_B.burg,E,0.276973963,0.226310905,131
prot35_B.burg,T,0.204886317,0.209598063,132
prot35_B.burg,F,0.123250104,0.19657166,133
prot35_B.burg,D,0.236721799,0.195755601,134
prot35_B.burg,T,0.197108537,0.187880206,135
prot35_B.burg,Y,0.119062118,0.166973362,136
prot35_B.burg,I,0.098618448,0.16193019,137
prot35_B.burg,K,0.245540425,0.173818458,138
prot35_B.burg,G,0.188760146,0.165565748,139
prot35_B.burg,A,0.088812366,0.172093083,140
prot35_B.burg,I,0.159497768,0.190794965,141
prot35_B.burg,D,0.230244517,0.210735771,142
prot35_B.burg,C,0.162447408,0.215521897,143
prot35_B.burg,K,0.255854547,0.226891786,144
prot35_B.burg,N,0.287379056,0.249375246,145
prot35_B.burg,N,0.278085709,0.264012292,146
prot35_B.burg,N,0.288615555,0.270786708,147
prot35_B.burg,N,0.291089147,0.285153389,148
prot35_B.burg,N,0.291163504,0.288767964,149
prot35_B.burg,N,0.291231185,0.288198769,150
prot35_B.burg,N,0.291214257,0.289633582,151
prot35_B.burg,K,0.29174754,0.287073407,152
prot35_B.burg,Y,0.288385719,0.285784741,153
prot35_B.burg,G,0.282256305,0.285502599,154
prot35_B.burg,N,0.290999025,0.282264719,155
prot35_B.burg,G,0.265573978,0.268170461,156
prot35_B.burg,S,0.279491156,0.265156347,157
prot35_B.burg,N,0.288624227,0.26362004,158
prot35_B.burg,D,0.262090266,0.254218883,159
prot35_B.burg,I,0.164365932,0.23390972,160
prot35_B.burg,E,0.264620513,0.235922308,161
prot35_B.burg,Q,0.274558961,0.231671639,162
prot35_B.burg,Y,0.197645888,0.218840989,163
prot35_B.burg,F,0.108216561,0.202115609,164
prot35_B.burg,R,0.283687264,0.210750077,165
prot35_B.burg,G,0.241235137,0.206393763,166
prot35_B.burg,V,0.173148379,0.193890943,167
prot35_B.burg,A,0.11156185,0.197514134,168
prot35_B.burg,G,0.242076144,0.215409368,169
prot35_B.burg,S,0.22541368,0.211649746,170
prot35_B.burg,I,0.162033588,0.217091872,171
prot35_B.burg,F,0.230254605,0.229966579,172
prot35_B.burg,T,0.269273669,0.242797754,173
prot35_B.burg,D,0.249850661,0.24032406,174
prot35_B.burg,K,0.29021427,0.244039052,175
prot35_B.burg,N,0.289020747,0.253349173,176
prot35_B.burg,D,0.227042422,0.237983421,177
prot35_B.burg,K,0.2198129,0.227784492,178
prot35_B.burg,D,0.258848608,0.228503559,179
prot35_B.burg,E,0.24582468,0.21055742,180
prot35_B.burg,I,0.091962837,0.187501147,181
prot35_B.burg,Y,0.177483305,0.183856019,182
prot35_B.burg,K,0.256322265,0.187410446,183
prot35_B.burg,C,0.12869902,0.183209131,184
prot35_B.burg,L,0.081514291,0.171281608,185
prot35_B.burg,K,0.194236264,0.186977564,186
prot35_B.burg,D,0.251802742,0.198130665,187
prot35_B.burg,E,0.221036777,0.196785656,188
prot35_B.burg,L,0.138476968,0.202649624,189
prot35_B.burg,L,0.233226448,0.219361661,190
prot35_B.burg,N,0.277861208,0.225832936,191
prot35_B.burg,D,0.244217187,0.21875195,192
prot35_B.burg,T,0.18147473,0.214482329,193
prot35_B.burg,T,0.231922626,0.228786583,194
prot35_B.burg,K,0.252477735,0.225144019,195
prot35_B.burg,H,0.188073874,0.213331287,196
prot35_B.burg,Y,0.182610184,0.209223946,197
prot35_B.burg,E,0.267215252,0.217061978,198
prot35_B.burg,G,0.200443372,0.2176761,199
prot35_B.burg,L,0.171546623,0.213126436,200
prot35_B.burg,T,0.207251117,0.219864781,201
prot35_B.burg,T,0.252017021,0.22582877,202
prot35_B.burg,N,0.237449721,0.196138187,203
prot35_B.burg,W,0.21153076,0.173866701,204
prot35_B.burg,K,0.248718977,0.154805965,205
prot35_B.burg,N,0.236286089,0.131778063,206
prot46_B.burg,C,0.216307327,0.153418046,1
prot46_B.burg,D,0.291519016,0.185862655,2
prot46_B.burg,S,0.289378971,0.218275141,3
prot46_B.burg,N,0.291686922,0.250653361,4
prot46_B.burg,D,0.291870177,0.282101295,5
prot46_B.burg,N,0.292001486,0.290460169,6
prot46_B.burg,D,0.291712373,0.290519453,7
prot46_B.burg,T,0.291403979,0.290778759,8
prot46_B.burg,L,0.283031404,0.289276491,9
prot46_B.burg,K,0.291537195,0.289264192,10
prot46_B.burg,N,0.292052567,0.289219909,11
prot46_B.burg,N,0.291712731,0.289332165,12
prot46_B.burg,A,0.278166503,0.289323608,13
prot46_B.burg,Q,0.291759491,0.290269272,14
prot46_B.burg,Q,0.291602939,0.290324284,15
prot46_B.burg,T,0.292722672,0.290103565,16
prot46_B.burg,K,0.29132697,0.288956927,17
prot46_B.burg,S,0.291542381,0.290520979,18
prot46_B.burg,R,0.292032301,0.290130546,19
prot46_B.burg,K,0.290066093,0.287040932,20
prot46_B.burg,K,0.281392992,0.286214984,21
prot46_B.burg,R,0.292242974,0.286245962,22
prot46_B.burg,D,0.288245589,0.286193119,23
prot46_B.burg,L,0.263796419,0.286033468,24
prot46_B.burg,S,0.285289139,0.284756382,25
prot46_B.burg,Q,0.291605771,0.28449643,26
prot46_B.burg,E,0.291066796,0.284410321,27
prot46_B.burg,E,0.290595442,0.284687873,28
prot46_B.burg,L,0.278572321,0.287556284,29
prot46_B.burg,P,0.27905342,0.288063188,30
prot46_B.burg,Q,0.291467994,0.287466086,31
prot46_B.burg,Q,0.29074356,0.287134313,32
prot46_B.burg,E,0.289612114,0.282244946,33
prot46_B.burg,K,0.289851278,0.282693209,34
prot46_B.burg,I,0.286231846,0.283543525,35
prot46_B.burg,T,0.288080841,0.283473109,36
prot46_B.burg,L,0.246591136,0.277265615,37
prot46_B.burg,T,0.282606691,0.277203974,38
prot46_B.burg,P,0.286706269,0.277343932,39
prot46_B.burg,D,0.290834248,0.269723967,40
prot46_B.burg,E,0.234876111,0.258392178,41
prot46_B.burg,E,0.289057344,0.262838955,42
prot46_B.burg,K,0.291110903,0.25481233,43
prot46_B.burg,M,0.217652157,0.235598561,44
prot46_B.burg,F,0.186094746,0.229197827,45
prot46_B.burg,T,0.286612123,0.230981908,46
prot46_B.burg,S,0.210367069,0.215850317,47
prot46_B.burg,L,0.113782346,0.197780511,48
prot46_B.burg,K,0.23322764,0.201171759,49
prot46_B.burg,A,0.250932842,0.208846478,50
prot46_B.burg,L,0.152873024,0.191821292,51
prot46_B.burg,F,0.128482655,0.182872704,52
prot46_B.burg,T,0.248173386,0.202472192,53
prot46_B.burg,Y,0.255167216,0.206000873,54
prot46_B.burg,T,0.13338545,0.190498707,55
prot46_B.burg,I,0.129829779,0.200045583,56
prot46_B.burg,E,0.290177733,0.2179237,57
prot46_B.burg,K,0.26498577,0.212096401,58
prot46_B.burg,L,0.111413352,0.199361597,59
prot46_B.burg,Y,0.238794908,0.216695727,60
prot46_B.burg,N,0.289385706,0.234218179,61
prot46_B.burg,D,0.195727691,0.221166762,62
prot46_B.burg,M,0.140553981,0.219157024,63
prot46_B.burg,Q,0.28939262,0.239107518,64
prot46_B.burg,E,0.287531853,0.24295089,65
prot46_B.burg,C,0.172714978,0.242691047,66
prot46_B.burg,S,0.24689813,0.253155382,67
prot46_B.burg,N,0.290967792,0.269387373,68
prot46_B.burg,G,0.273385257,0.269471385,69
prot46_B.burg,N,0.287047118,0.253821429,70
prot46_B.burg,K,0.28990671,0.265769823,71
prot46_B.burg,N,0.286641896,0.265168258,72
prot46_B.burg,K,0.290148735,0.261115122,73
prot46_B.burg,C,0.146682248,0.239686537,74
prot46_B.burg,E,0.28025052,0.229929227,75
prot46_B.burg,I,0.241484046,0.221763531,76
prot46_B.burg,K,0.254489571,0.202181858,77
prot46_B.burg,C,0.080527991,0.188529903,78
prot46_B.burg,I,0.199231327,0.20264341,79
prot46_B.burg,N,0.21641545,0.196200036,80
prot46_B.burg,F,0.110406838,0.179248289,81
prot46_B.burg,F,0.167281136,0.170090671,82
prot46_B.burg,N,0.273703814,0.186421115,83
prot46_B.burg,W,0.222260147,0.189372855,84
prot46_B.burg,L,0.088918328,0.186711885,85
prot46_B.burg,S,0.17207101,0.204622575,86
prot46_B.burg,T,0.227501988,0.214574165,87
prot46_B.burg,D,0.225796983,0.209827991,88
prot46_B.burg,I,0.192466721,0.215348643,89
prot46_B.burg,Q,0.271603048,0.236809298,90
prot46_B.burg,K,0.256845444,0.234657415,91
prot46_B.burg,Q,0.230988249,0.222537461,92
prot46_B.burg,K,0.271946013,0.228289069,93
prot46_B.burg,E,0.282064229,0.220761676,94
prot46_B.burg,L,0.15270406,0.201327426,95
prot46_B.burg,A,0.118422404,0.190190659,96
prot46_B.burg,Q,0.277561456,0.1893465,97
prot46_B.burg,A,0.124720179,0.169624097,98
prot46_B.burg,F,0.096694797,0.156351467,99
prot46_B.burg,A,0.156614542,0.164924264,100
prot46_B.burg,K,0.223390818,0.171461354,101
prot46_B.burg,V,0.094444387,0.154408014,102
prot46_B.burg,Y,0.162610561,0.1690708,103
prot46_B.burg,N,0.229859233,0.183021064,104
prot46_B.burg,F,0.177256212,0.189418844,105
prot46_B.burg,L,0.124081396,0.193983808,106
prot46_B.burg,E,0.256685257,0.214590131,107
prot46_B.burg,S,0.222247168,0.221340685,108
prot46_B.burg,K,0.214194566,0.227141376,109
prot46_B.burg,R,0.264475495,0.239645568,110
prot46_B.burg,K,0.279901296,0.257776858,111
prot46_B.burg,L,0.223365545,0.260323576,112
prot46_B.burg,K,0.282065451,0.267870939,113
prot46_B.burg,E,0.289793938,0.274746666,114
prot46_B.burg,K,0.287263006,0.270239135,115
prot46_B.burg,D,0.279605716,0.269613057,116
prot46_B.burg,K,0.290173441,0.275131851,117
prot46_B.burg,D,0.276076108,0.271473991,118
prot46_B.burg,F,0.223907709,0.256812058,119
prot46_B.burg,D,0.274266601,0.256576685,120
prot46_B.burg,T,0.273034692,0.253159699,121
prot46_B.burg,Y,0.249144703,0.240025792,122
prot46_B.burg,I,0.157836542,0.232774233,123
prot46_B.burg,K,0.285144657,0.239214786,124
prot46_B.burg,G,0.248852834,0.230580724,125
prot46_B.burg,A,0.171968281,0.229587621,126
prot46_B.burg,I,0.210812077,0.232699603,127
prot46_B.burg,D,0.28187269,0.246885185,128
prot46_B.burg,C,0.19656004,0.242055588,129
prot46_B.burg,K,0.264096767,0.242822513,130
prot46_B.burg,A,0.277152538,0.256119041,131
prot46_B.burg,N,0.285506785,0.264370653,132
prot46_B.burg,T,0.241678283,0.253262889,133
prot46_B.burg,P,0.255755156,0.263472832,134
prot46_B.burg,Q,0.291637033,0.266479635,135
prot46_B.burg,D,0.285076588,0.267862787,136
prot46_B.burg,C,0.181902811,0.268423273,137
prot46_B.burg,K,0.288449526,0.273064943,138
prot46_B.burg,N,0.291157991,0.275804849,139
prot46_B.burg,N,0.289600909,0.275798094,140
prot46_B.burg,K,0.290551156,0.271865886,141
prot46_B.burg,Y,0.283453315,0.278428503,142
prot46_B.burg,G,0.280414313,0.276843152,143
prot46_B.burg,K,0.291576236,0.274931121,144
prot46_B.burg,G,0.249686718,0.262609023,145
prot46_B.burg,T,0.240966365,0.262115334,146
prot46_B.burg,N,0.274181366,0.262845654,147
prot46_B.burg,E,0.273949713,0.262165922,148
prot46_B.burg,I,0.178702027,0.249655659,149
prot46_B.burg,E,0.286107957,0.254334521,150
prot46_B.burg,Q,0.290026188,0.258757161,151
prot46_B.burg,Y,0.274296731,0.255324203,152
prot46_B.burg,F,0.178983867,0.248221338,153
prot46_B.burg,R,0.291796476,0.259288218,154
prot46_B.burg,G,0.280770123,0.259502921,155
prot46_B.burg,V,0.243284747,0.25257684,156
prot46_B.burg,T,0.210023925,0.253070793,157
prot46_B.burg,G,0.278303951,0.265571404,158
prot46_B.burg,D,0.28804028,0.26548811,159
prot46_B.burg,I,0.227691457,0.265974142,160
prot46_B.burg,F,0.278742313,0.268808325,161
prot46_B.burg,N,0.291489363,0.274803094,162
prot46_B.burg,K,0.291046828,0.275298872,163
prot46_B.burg,N,0.285144418,0.27481718,164
prot46_B.burg,S,0.268792391,0.269876358,165
prot46_B.burg,N,0.263976842,0.265313524,166
prot46_B.burg,E,0.282765955,0.264992269,167
prot46_B.burg,E,0.283705056,0.253320048,168
prot46_B.burg,I,0.183224052,0.236764231,169
prot46_B.burg,Y,0.237676814,0.235375426,170
prot46_B.burg,K,0.288598061,0.238325309,171
prot46_B.burg,C,0.185996845,0.238237833,172
prot46_B.burg,L,0.13614206,0.225239505,173
prot46_B.burg,K,0.256293148,0.235097008,174
prot46_B.burg,D,0.290525794,0.241055891,175
prot46_B.burg,E,0.281978667,0.241223231,176
prot46_B.burg,L,0.166720107,0.250328928,177
prot46_B.burg,L,0.271941572,0.267219433,178
prot46_B.burg,N,0.291306764,0.270607649,179
prot46_B.burg,E,0.290104121,0.268131821,180
prot46_B.burg,N,0.267948121,0.26398326,181
prot46_B.burg,N,0.288156599,0.275246887,182
prot46_B.burg,H,0.286787093,0.27320551,183
prot46_B.burg,Y,0.268243343,0.270674922,184
prot46_B.burg,A,0.244641617,0.268922384,185
prot46_B.burg,G,0.268092752,0.269955812,186
prot46_B.burg,L,0.253569186,0.268480978,187
prot46_B.burg,T,0.268531471,0.268850636,188
prot46_B.burg,S,0.274331272,0.270409817,189
prot46_B.burg,D,0.277248979,0.243227416,190
prot46_B.burg,W,0.274883091,0.213439332,191
prot46_B.burg,N,0.290114015,0.185264978,192
prot46_B.burg,N,0.282275975,0.155428148,193
prot52_B.burg,M,0.07584691,0.040193058,1
prot52_B.burg,K,0.096001305,0.0446867,2
prot52_B.burg,K,0.091256551,0.048834452,3
prot52_B.burg,Y,0.06783133,0.051563069,4
prot52_B.burg,L,0.030801425,0.054167262,5
prot52_B.burg,L,0.040442776,0.048006585,6
prot52_B.burg,G,0.037329774,0.039872221,7
prot52_B.burg,I,0.02455755,0.032987405,8
prot52_B.burg,G,0.023437737,0.027978232,9
prot52_B.burg,L,0.020400822,0.026983204,10
prot52_B.burg,I,0.022792023,0.026745377,11
prot52_B.burg,L,0.029293213,0.025861595,12
prot52_B.burg,A,0.022748768,0.028761079,13
prot52_B.burg,L,0.021846173,0.041491075,14
prot52_B.burg,I,0.038302336,0.054386228,15
prot52_B.burg,A,0.029375738,0.072758304,16
prot52_B.burg,C,0.050652899,0.085747368,17
prot52_B.burg,K,0.1380077,0.104455214,18
prot52_B.burg,Q,0.136457205,0.12252404,19
prot52_B.burg,N,0.188140705,0.136429773,20
prot52_B.burg,V,0.146194786,0.154971533,21
prot52_B.burg,S,0.191119388,0.172711962,22
prot52_B.burg,S,0.184465602,0.184028991,23
prot52_B.burg,L,0.163453937,0.188453068,24
prot52_B.burg,D,0.196251571,0.183823448,25
prot52_B.burg,E,0.210316762,0.179176443,26
prot52_B.burg,K,0.239860967,0.176360622,27
prot52_B.burg,N,0.176273897,0.167079841,28
prot52_B.burg,S,0.146474123,0.170943373,29
prot52_B.burg,V,0.104371741,0.16237124,30
prot52_B.burg,S,0.165776998,0.168499255,31
prot52_B.burg,V,0.100938573,0.168897731,32
prot52_B.burg,D,0.198225722,0.172263177,33
prot52_B.burg,V,0.119102374,0.181781805,34
prot52_B.burg,P,0.265468895,0.19427203,35
prot52_B.burg,G,0.243447259,0.184294944,36
prot52_B.burg,G,0.206562907,0.197344384,37
prot52_B.burg,M,0.232141778,0.181706623,38
prot52_B.burg,K,0.216783762,0.191690682,39
prot52_B.burg,V,0.075983226,0.179915915,40
prot52_B.burg,L,0.218383536,0.18135919,41
prot52_B.burg,V,0.057485867,0.186821996,42
prot52_B.burg,S,0.208958909,0.183538811,43
prot52_B.burg,K,0.159495994,0.191162491,44
prot52_B.burg,E,0.256436735,0.210567048,45
prot52_B.burg,K,0.255728155,0.203670558,46
prot52_B.burg,N,0.202593118,0.221769919,47
prot52_B.burg,K,0.285396874,0.210800957,48
prot52_B.burg,D,0.250624239,0.210298991,49
prot52_B.burg,G,0.156315133,0.187836179,50
prot52_B.burg,K,0.220380113,0.178259145,51
prot52_B.burg,Y,0.110238247,0.160196864,52
prot52_B.burg,D,0.154978305,0.149458582,53
prot52_B.burg,L,0.054271426,0.132688292,54
prot52_B.burg,M,0.169534847,0.134989227,55
prot52_B.burg,A,0.040032592,0.136583545,56
prot52_B.burg,T,0.188752338,0.141337164,57
prot52_B.burg,V,0.099691629,0.147063682,58
prot52_B.burg,D,0.177023545,0.146036822,59
prot52_B.burg,N,0.234728977,0.152149715,60
prot52_B.burg,V,0.153020814,0.155435779,61
prot52_B.burg,D,0.206516966,0.152586554,62
prot52_B.burg,L,0.045029689,0.153171955,63
prot52_B.burg,K,0.224550888,0.153341739,64
prot52_B.burg,G,0.069607161,0.153746865,65
prot52_B.burg,T,0.163109317,0.167768237,66
prot52_B.burg,S,0.10496024,0.171622053,67
prot52_B.burg,D,0.178551599,0.186360924,68
prot52_B.burg,K,0.238375112,0.180587242,69
prot52_B.burg,N,0.27921316,0.179465298,70
prot52_B.burg,N,0.241201311,0.174845922,71
prot52_B.burg,G,0.177679524,0.168634265,72
prot52_B.burg,S,0.172587752,0.166596243,73
prot52_B.burg,G,0.059509665,0.145752028,74
prot52_B.burg,I,0.121534936,0.134883507,75
prot52_B.burg,L,0.049055327,0.121407039,76
prot52_B.burg,E,0.160209402,0.125490123,77
prot52_B.burg,G,0.050777178,0.125654486,78
prot52_B.burg,V,0.181396469,0.139399511,79
prot52_B.burg,K,0.119913101,0.139357972,80
prot52_B.burg,A,0.214427277,0.15495124,81
prot52_B.burg,D,0.17406702,0.143536174,82
prot52_B.burg,K,0.183214888,0.157109394,83
prot52_B.burg,S,0.121161081,0.142439521,84
prot52_B.burg,K,0.189394742,0.146810603,85
prot52_B.burg,V,0.057473809,0.13075164,86
prot52_B.burg,K,0.172936156,0.125893458,87
prot52_B.burg,L,0.049367614,0.132598351,88
prot52_B.burg,T,0.159252837,0.142587288,89
prot52_B.burg,V,0.069896616,0.141528043,90
prot52_B.burg,A,0.130343378,0.156142885,91
prot52_B.burg,D,0.243558928,0.151348793,92
prot52_B.burg,D,0.211061507,0.15157578,93
prot52_B.burg,L,0.179861546,0.145367151,94
prot52_B.burg,S,0.189007387,0.143587813,95
prot52_B.burg,K,0.129789323,0.144552811,96
prot52_B.burg,T,0.051410496,0.128522767,97
prot52_B.burg,T,0.103375174,0.125939419,98
prot52_B.burg,L,0.05388258,0.124892177,99
prot52_B.burg,E,0.139028355,0.132851475,100
prot52_B.burg,V,0.099288538,0.144166081,101
prot52_B.burg,L,0.187811375,0.152422044,102
prot52_B.burg,K,0.170436367,0.163886643,103
prot52_B.burg,E,0.260641068,0.170085724,104
prot52_B.burg,D,0.231620774,0.167638054,105
prot52_B.burg,G,0.125714168,0.170545127,106
prot52_B.burg,T,0.206556559,0.166322146,107
prot52_B.burg,V,0.109674312,0.162095784,108
prot52_B.burg,V,0.116999328,0.149301199,109
prot52_B.burg,S,0.125452191,0.136539296,110
prot52_B.burg,R,0.149804547,0.136362779,111
prot52_B.burg,K,0.132399112,0.141262573,112
prot52_B.burg,V,0.145489797,0.150960143,113
prot52_B.burg,T,0.116763651,0.157714282,114
prot52_B.burg,S,0.124125518,0.158347937,115
prot52_B.burg,K,0.250654697,0.15390498,116
prot52_B.burg,D,0.196952447,0.147047167,117
prot52_B.burg,K,0.177786574,0.14868474,118
prot52_B.burg,S,0.131155089,0.141480617,119
prot52_B.burg,T,0.109817937,0.151115907,120
prot52_B.burg,T,0.070678793,0.140128582,121
prot52_B.burg,E,0.160227954,0.13081949,122
prot52_B.burg,A,0.051926542,0.139817054,123
prot52_B.burg,K,0.210843131,0.155421506,124
prot52_B.burg,F,0.151768774,0.153781231,125
prot52_B.burg,N,0.113170616,0.169153569,126
prot52_B.burg,E,0.258764654,0.162803223,127
prot52_B.burg,K,0.27159515,0.171201565,128
prot52_B.burg,G,0.095055461,0.171020614,129
prot52_B.burg,E,0.209029838,0.16262232,130
prot52_B.burg,L,0.103074841,0.171990497,131
prot52_B.burg,S,0.127511621,0.1541939,132
prot52_B.burg,E,0.209214568,0.143537266,133
prot52_B.burg,K,0.076184131,0.153868034,134
prot52_B.burg,T,0.19748421,0.149304589,135
prot52_B.burg,M,0.098595276,0.163365671,136
prot52_B.burg,T,0.17568545,0.163152611,137
prot52_B.burg,R,0.188032374,0.157732915,138
prot52_B.burg,A,0.167958826,0.170224918,139
prot52_B.burg,N,0.229624584,0.157959267,140
prot52_B.burg,G,0.125594079,0.172504255,141
prot52_B.burg,T,0.160437301,0.163444284,142
prot52_B.burg,T,0.188612163,0.166810522,143
prot52_B.burg,L,0.087093346,0.163422113,144
prot52_B.burg,E,0.229500175,0.165019509,145
prot52_B.burg,Y,0.094145708,0.174993934,146
prot52_B.burg,S,0.218328521,0.18400734,147
prot52_B.burg,Q,0.137463138,0.194748123,148
prot52_B.burg,M,0.24400115,0.216611777,149
prot52_B.burg,T,0.215363905,0.218423511,150
prot52_B.burg,N,0.241557956,0.232721203,151
prot52_B.burg,E,0.285279214,0.220770403,152
prot52_B.burg,D,0.283866227,0.224572601,153
prot52_B.burg,N,0.245805785,0.204102325,154
prot52_B.burg,A,0.222824931,0.198829546,155
prot52_B.burg,A,0.110771321,0.181020623,156
prot52_B.burg,K,0.171682924,0.166500334,157
prot52_B.burg,A,0.059768666,0.15040399,158
prot52_B.burg,V,0.167908892,0.153028894,159
prot52_B.burg,E,0.081277646,0.149657439,160
prot52_B.burg,T,0.154596612,0.156474068,161
prot52_B.burg,L,0.138999134,0.151530742,162
prot52_B.burg,K,0.269429922,0.165899538,163
prot52_B.burg,N,0.192481831,0.156305759,164
prot52_B.burg,G,0.172120988,0.17400783,165
prot52_B.burg,I,0.127192989,0.167489,166
prot52_B.burg,K,0.189087823,0.172756327,167
prot52_B.burg,F,0.081564888,0.156791746,168
prot52_B.burg,E,0.24059628,0.156248218,169
prot52_B.burg,G,0.095927142,0.163613918,170
prot52_B.burg,N,0.186405078,0.163698745,171
prot52_B.burg,L,0.125748694,0.164342947,172
prot52_B.burg,A,0.187590078,0.166512176,173
prot52_B.burg,S,0.238412291,0.153683492,174
prot52_B.burg,G,0.127956435,0.149436137,175
prot52_B.burg,K,0.194885641,0.150304935,176
prot52_B.burg,T,0.10108795,0.14682095,177
prot52_B.burg,A,0.125138119,0.150107524,178
prot52_B.burg,V,0.057700943,0.142032302,179
prot52_B.burg,E,0.194224268,0.151866346,180
prot52_B.burg,I,0.094392829,0.152612393,181
prot52_B.burg,K,0.21716924,0.156638593,182
prot52_B.burg,E,0.165735289,0.161362504,183
prot52_B.burg,G,0.216462836,0.162506887,184
prot52_B.burg,T,0.20160006,0.159874027,185
prot52_B.burg,V,0.137323752,0.159327673,186
prot52_B.burg,T,0.167653322,0.158578911,187
prot52_B.burg,L,0.068000384,0.153625521,188
prot52_B.burg,K,0.170528531,0.143672258,189
prot52_B.burg,R,0.089475639,0.148788298,190
prot52_B.burg,E,0.210430384,0.162537694,191
prot52_B.burg,I,0.121154785,0.155236194,192
prot52_B.burg,D,0.126883462,0.167374611,193
prot52_B.burg,K,0.247644424,0.155663321,194
prot52_B.burg,N,0.261068314,0.161137058,195
prot52_B.burg,G,0.10193982,0.143235113,196
prot52_B.burg,K,0.177246138,0.146226382,197
prot52_B.burg,V,0.065126918,0.142585973,198
prot52_B.burg,T,0.138739273,0.139084557,199
prot52_B.burg,V,0.049312878,0.127090965,200
prot52_B.burg,S,0.148076206,0.145412639,201
prot52_B.burg,L,0.09411978,0.154950328,202
prot52_B.burg,N,0.216131687,0.170999724,203
prot52_B.burg,D,0.153125986,0.178261511,204
prot52_B.burg,T,0.266834885,0.192674328,205
prot52_B.burg,A,0.263085335,0.200509822,206
prot52_B.burg,S,0.209571481,0.200883413,207
prot52_B.burg,G,0.204095364,0.198570018,208
prot52_B.burg,S,0.179028228,0.185777953,209
prot52_B.burg,K,0.218595654,0.175043322,210
prot52_B.burg,K,0.0974821,0.157908476,211
prot52_B.burg,T,0.195311129,0.15535817,212
prot52_B.burg,A,0.037997399,0.159322038,213
prot52_B.burg,S,0.170223206,0.166417438,214
prot52_B.burg,W,0.108871721,0.161663138,215
prot52_B.burg,Q,0.18661873,0.161929962,216
prot52_B.burg,E,0.239770174,0.157719041,217
prot52_B.burg,S,0.242886826,0.158568933,218
prot52_B.burg,T,0.175806955,0.153367013,219
prot52_B.burg,S,0.099883519,0.149016909,220
prot52_B.burg,T,0.157412842,0.146912385,221
prot52_B.burg,L,0.045646425,0.132669808,222
prot52_B.burg,T,0.123405926,0.132229614,223
prot52_B.burg,I,0.069720782,0.138297986,224
prot52_B.burg,S,0.167678013,0.154281421,225
prot52_B.burg,A,0.111586981,0.163610975,226
prot52_B.burg,N,0.238925084,0.178082899,227
prot52_B.burg,S,0.230422303,0.175145337,228
prot52_B.burg,K,0.243734434,0.185599072,229
prot52_B.burg,K,0.241378829,0.174762864,230
prot52_B.burg,T,0.175893739,0.183031016,231
prot52_B.burg,K,0.096967869,0.167397769,232
prot52_B.burg,D,0.163804397,0.162324241,233
prot52_B.burg,L,0.070152141,0.163253559,234
prot52_B.burg,V,0.186000347,0.163997783,235
prot52_B.burg,F,0.098225862,0.161423484,236
prot52_B.burg,L,0.184760556,0.177533531,237
prot52_B.burg,T,0.252098292,0.169811034,238
prot52_B.burg,N,0.248076841,0.186018392,239
prot52_B.burg,G,0.152725056,0.173966895,240
prot52_B.burg,T,0.24195829,0.184163876,241
prot52_B.burg,I,0.094301924,0.174361796,242
prot52_B.burg,T,0.216018364,0.169687376,243
prot52_B.burg,V,0.077536874,0.163824635,244
prot52_B.burg,Q,0.189998686,0.17469014,245
prot52_B.burg,N,0.096541837,0.178035407,246
prot52_B.burg,Y,0.210028514,0.189084148,247
prot52_B.burg,D,0.195312172,0.194079148,248
prot52_B.burg,S,0.250514597,0.210923579,249
prot52_B.burg,A,0.272065699,0.216895074,250
prot52_B.burg,G,0.193740591,0.235687466,251
prot52_B.burg,T,0.260973364,0.227241293,252
prot52_B.burg,K,0.22913675,0.230451744,253
prot52_B.burg,L,0.243742138,0.227940299,254
prot52_B.burg,E,0.265673369,0.217793986,255
prot52_B.burg,G,0.134012952,0.213849887,256
prot52_B.burg,S,0.224206239,0.206333958,257
prot52_B.burg,A,0.227911592,0.206454027,258
prot52_B.burg,A,0.18074888,0.195836436,259
prot52_B.burg,E,0.158243701,0.175916611,260
prot52_B.burg,I,0.193330005,0.179159124,261
prot52_B.burg,K,0.230217367,0.175427201,262
prot52_B.burg,K,0.148183823,0.159800366,263
prot52_B.burg,L,0.086394943,0.16024715,264
prot52_B.burg,D,0.163195565,0.170749198,265
prot52_B.burg,E,0.190618932,0.161286987,266
prot52_B.burg,L,0.087270081,0.14710784,267
prot52_B.burg,K,0.184769928,0.152901358,268
prot52_B.burg,N,0.252762139,0.14330192,269
prot52_B.burg,A,0.108170107,0.125169079,270
prot52_B.burg,L,0.102605037,0.103989198,271
prot52_B.burg,R,0.200325489,0.094292522,272
prot54_B.burg,M,0.083724663,0.044352201,1
prot54_B.burg,K,0.103179626,0.049325945,2
prot54_B.burg,K,0.100623444,0.053892922,3
prot54_B.burg,Y,0.076904982,0.056831304,4
prot54_B.burg,L,0.034737092,0.059753024,5
prot54_B.burg,L,0.044763695,0.052961904,6
prot54_B.burg,G,0.041102793,0.044147216,7
prot54_B.burg,I,0.026445437,0.036388029,8
prot54_B.burg,G,0.026295483,0.030642018,9
prot54_B.burg,L,0.022604581,0.02931586,10
prot54_B.burg,I,0.023847437,0.028982496,11
prot54_B.burg,L,0.030790759,0.028070284,12
prot54_B.burg,A,0.025190884,0.030811827,13
prot54_B.burg,L,0.022801673,0.042888435,14
prot54_B.burg,I,0.041763417,0.055767037,15
prot54_B.burg,A,0.032892883,0.073541244,16
prot54_B.burg,C,0.051119328,0.085774151,17
prot54_B.burg,K,0.134984955,0.103076198,18
prot54_B.burg,Q,0.138512,0.118614626,19
prot54_B.burg,N,0.1838153,0.131413246,20
prot54_B.burg,V,0.140886918,0.148919122,21
prot54_B.burg,S,0.180909306,0.167702385,22
prot54_B.burg,S,0.16264753,0.179809388,23
prot54_B.burg,L,0.156950995,0.185103758,24
prot54_B.burg,D,0.190445766,0.182483191,25
prot54_B.burg,E,0.220168695,0.180166346,26
prot54_B.burg,K,0.243947983,0.181580215,27
prot54_B.burg,N,0.186161324,0.176802095,28
prot54_B.burg,S,0.160230204,0.182443718,29
prot54_B.burg,V,0.120035313,0.17599756,30
prot54_B.burg,S,0.193634123,0.182490206,31
prot54_B.burg,V,0.119644456,0.183959289,32
prot54_B.burg,D,0.207725599,0.195051913,33
prot54_B.burg,L,0.132430345,0.201544235,34
prot54_B.burg,P,0.278602511,0.212819426,35
prot54_B.burg,G,0.257169724,0.199362747,36
prot54_B.burg,E,0.285994947,0.210130748,37
prot54_B.burg,M,0.2186611,0.192949208,38
prot54_B.burg,K,0.221512035,0.199123554,39
prot54_B.burg,V,0.072524011,0.185776638,40
prot54_B.burg,L,0.21655646,0.184895813,41
prot54_B.burg,V,0.053091742,0.181564287,42
prot54_B.burg,S,0.187999457,0.175587859,43
prot54_B.burg,K,0.158480272,0.182917881,44
prot54_B.burg,E,0.249242291,0.204674702,45
prot54_B.burg,K,0.256011218,0.198711391,46
prot54_B.burg,D,0.164873242,0.216490514,47
prot54_B.burg,K,0.287482232,0.21149034,48
prot54_B.burg,D,0.268335402,0.210883137,49
prot54_B.burg,G,0.162886664,0.189825701,50
prot54_B.burg,K,0.213103846,0.179508364,51
prot54_B.burg,Y,0.142997891,0.165908659,52
prot54_B.burg,S,0.15301545,0.152937314,53
prot54_B.burg,L,0.059725363,0.135085769,54
prot54_B.burg,M,0.163155183,0.136593497,55
prot54_B.burg,A,0.042475898,0.142094782,56
prot54_B.burg,T,0.170740128,0.141436146,57
prot54_B.burg,V,0.107671499,0.148680577,58
prot54_B.burg,D,0.176456213,0.148299636,59
prot54_B.burg,K,0.262615412,0.15653764,60
prot54_B.burg,L,0.137070164,0.16031763,61
prot54_B.burg,E,0.218215331,0.161451336,62
prot54_B.burg,L,0.056296892,0.160685655,63
prot54_B.burg,K,0.237297222,0.160743783,64
prot54_B.burg,G,0.076495804,0.156897321,65
prot54_B.burg,T,0.180943489,0.172529903,66
prot54_B.burg,S,0.100780368,0.17501229,67
prot54_B.burg,D,0.176979363,0.187040871,68
prot54_B.burg,K,0.227997258,0.180210753,69
prot54_B.burg,N,0.277763397,0.178463057,70
prot54_B.burg,N,0.240556821,0.171129971,71
prot54_B.burg,G,0.164554119,0.165642255,72
prot54_B.burg,S,0.175826162,0.163960862,73
prot54_B.burg,G,0.060766537,0.144086358,74
prot54_B.burg,V,0.11494571,0.134556137,75
prot54_B.burg,L,0.051390927,0.120508654,76
prot54_B.burg,E,0.161846831,0.127109959,77
prot54_B.burg,G,0.049126718,0.128480477,78
prot54_B.burg,V,0.191991404,0.144332375,79
prot54_B.burg,K,0.114129476,0.147820219,80
prot54_B.burg,A,0.223965868,0.161375148,81
prot54_B.burg,D,0.188160822,0.149232519,82
prot54_B.burg,K,0.203433618,0.162260547,83
prot54_B.burg,S,0.146336302,0.146389024,84
prot54_B.burg,K,0.173385292,0.151478136,85
prot54_B.burg,V,0.052563168,0.134355679,86
prot54_B.burg,K,0.166378975,0.129315351,87
prot54_B.burg,L,0.049147695,0.133665812,88
prot54_B.burg,T,0.159931481,0.141752599,89
prot54_B.burg,V,0.069863759,0.141865373,90
prot54_B.burg,S,0.142797872,0.159220701,91
prot54_B.burg,D,0.24258776,0.154438695,92
prot54_B.burg,D,0.219117388,0.156509044,93
prot54_B.burg,L,0.174400255,0.150299432,94
prot54_B.burg,S,0.208761126,0.148892347,95
prot54_B.burg,T,0.12334092,0.14733229,96
prot54_B.burg,T,0.067780837,0.129215226,97
prot54_B.burg,T,0.104044974,0.123487326,98
prot54_B.burg,L,0.057199992,0.119022998,99
prot54_B.burg,E,0.128757358,0.12336135,100
prot54_B.burg,V,0.079534188,0.135242122,101
prot54_B.burg,L,0.167566285,0.143259708,102
prot54_B.burg,K,0.1342213,0.162644122,103
prot54_B.burg,E,0.247806296,0.179853881,104
prot54_B.burg,D,0.230267867,0.177617232,105
prot54_B.burg,G,0.139939114,0.181422572,106
prot54_B.burg,K,0.278504699,0.174759675,107
prot54_B.burg,T,0.212087825,0.180548506,108
prot54_B.burg,L,0.108627513,0.164564898,109
prot54_B.burg,V,0.113782249,0.168332095,110
prot54_B.burg,S,0.107600212,0.165708236,111
prot54_B.burg,K,0.186320782,0.152927518,112
prot54_B.burg,K,0.103953816,0.160582018,113
prot54_B.burg,R,0.264172643,0.174422993,114
prot54_B.burg,T,0.11632438,0.186806501,115
prot54_B.burg,S,0.16347824,0.193010808,116
prot54_B.burg,K,0.280978322,0.180282484,117
prot54_B.burg,D,0.233196288,0.183480425,118
prot54_B.burg,K,0.225233823,0.164410746,119
prot54_B.burg,S,0.163438976,0.166985778,120
prot54_B.burg,S,0.07176587,0.161753995,121
prot54_B.burg,T,0.132735282,0.149801608,122
prot54_B.burg,E,0.092545532,0.138171771,123
prot54_B.burg,E,0.139499664,0.141781531,124
prot54_B.burg,K,0.116392195,0.155366999,125
prot54_B.burg,F,0.173406839,0.163678677,126
prot54_B.burg,N,0.128527761,0.177774023,127
prot54_B.burg,E,0.257721663,0.184368143,128
prot54_B.burg,K,0.285708189,0.185180593,129
prot54_B.burg,G,0.146570966,0.189446097,130
prot54_B.burg,E,0.259593397,0.191767325,131
prot54_B.burg,L,0.151892617,0.189956873,132
prot54_B.burg,V,0.146811709,0.180515865,133
prot54_B.burg,E,0.154781729,0.157068238,134
prot54_B.burg,K,0.194297895,0.169227723,135
prot54_B.burg,I,0.112233691,0.164787748,136
prot54_B.burg,M,0.172752589,0.175547032,137
prot54_B.burg,A,0.074679546,0.173223385,138
prot54_B.burg,R,0.25600633,0.176819343,139
prot54_B.burg,A,0.219633624,0.171930513,140
prot54_B.burg,N,0.248726174,0.170674746,141
prot54_B.burg,G,0.125898883,0.168688827,142
prot54_B.burg,T,0.187145352,0.176010172,143
prot54_B.burg,I,0.150298432,0.167916569,144
prot54_B.burg,L,0.100931786,0.159903961,145
prot54_B.burg,E,0.154879317,0.15150311,146
prot54_B.burg,Y,0.140571654,0.158576812,147
prot54_B.burg,T,0.183163896,0.16641371,148
prot54_B.burg,G,0.147520155,0.172852532,149
prot54_B.burg,I,0.173118517,0.177310963,150
prot54_B.burg,K,0.189562201,0.180074208,151
prot54_B.burg,S,0.257677436,0.174252181,152
prot54_B.burg,D,0.208247826,0.181129889,153
prot54_B.burg,G,0.14105767,0.172447633,154
prot54_B.burg,S,0.17974852,0.172208909,155
prot54_B.burg,G,0.088173412,0.162948638,156
prot54_B.burg,K,0.24506326,0.159598564,157
prot54_B.burg,A,0.069379859,0.156248447,158
prot54_B.burg,K,0.170969993,0.170242379,159
prot54_B.burg,E,0.106219769,0.178654282,160
prot54_B.burg,T,0.227526769,0.189955638,161
prot54_B.burg,L,0.178096771,0.180678898,162
prot54_B.burg,K,0.267003059,0.182069458,163
prot54_B.burg,E,0.255455643,0.188609063,164
prot54_B.burg,Y,0.189885616,0.18500571,165
prot54_B.burg,V,0.161572605,0.181157542,166
prot54_B.burg,L,0.081894897,0.175226647,167
prot54_B.burg,E,0.229826435,0.165363956,168
prot54_B.burg,G,0.073789597,0.159247243,169
prot54_B.burg,T,0.192893252,0.165230177,170
prot54_B.burg,L,0.124718718,0.173694677,171
prot54_B.burg,T,0.178238839,0.169901695,172
prot54_B.burg,A,0.200405225,0.16262493,173
prot54_B.burg,E,0.24373202,0.159456358,174
prot54_B.burg,K,0.237753108,0.155357459,175
prot54_B.burg,A,0.047758061,0.150458477,176
prot54_B.burg,T,0.164335549,0.157093113,177
prot54_B.burg,L,0.045272451,0.160161671,178
prot54_B.burg,V,0.156003162,0.160431667,179
prot54_B.burg,V,0.080627874,0.161541187,180
prot54_B.burg,K,0.237950563,0.177477934,181
prot54_B.burg,E,0.228022248,0.182424543,182
prot54_B.burg,G,0.246161982,0.188634747,183
prot54_B.burg,T,0.247738793,0.191301644,184
prot54_B.burg,V,0.191188782,0.19161663,185
prot54_B.burg,T,0.208855033,0.186752288,186
prot54_B.burg,L,0.101164281,0.172227463,187
prot54_B.burg,S,0.180005237,0.159102467,188
prot54_B.burg,K,0.083462745,0.152570487,189
prot54_B.burg,H,0.194171488,0.152294453,190
prot54_B.burg,I,0.097298823,0.139662637,191
prot54_B.burg,S,0.128037021,0.150544345,192
prot54_B.burg,K,0.188950971,0.137285048,193
prot54_B.burg,S,0.188704476,0.148195821,194
prot54_B.burg,G,0.095168695,0.131567087,195
prot54_B.burg,E,0.199099645,0.146027554,196
prot54_B.burg,V,0.060671568,0.144728245,197
prot54_B.burg,T,0.181659698,0.149948833,198
prot54_B.burg,A,0.044512887,0.149944224,199
prot54_B.burg,E,0.227443025,0.169971105,200
prot54_B.burg,L,0.116343237,0.179779534,201
prot54_B.burg,N,0.235936269,0.202910666,202
prot54_B.burg,D,0.188662991,0.214877759,203
prot54_B.burg,T,0.275410622,0.239266077,204
prot54_B.burg,D,0.28737551,0.242503157,205
prot54_B.burg,S,0.268851757,0.246836927,206
prot54_B.burg,T,0.289363533,0.246313281,207
prot54_B.burg,Q,0.264007747,0.23711351,208
prot54_B.burg,A,0.256576747,0.228428022,209
prot54_B.burg,T,0.155347168,0.20313787,210
prot54_B.burg,K,0.231223449,0.199295919,211
prot54_B.burg,K,0.105865054,0.183308387,212
prot54_B.burg,T,0.197241232,0.178707324,213
prot54_B.burg,G,0.059764147,0.175718199,214
prot54_B.burg,K,0.234274194,0.186891951,215
prot54_B.burg,W,0.145475745,0.18180188,216
prot54_B.burg,D,0.22259818,0.182385573,217
prot54_B.burg,A,0.229674622,0.176500924,218
prot54_B.burg,G,0.255910933,0.174282717,219
prot54_B.burg,T,0.185412809,0.161665649,220
prot54_B.burg,S,0.111118294,0.15299145,221
prot54_B.burg,T,0.144279391,0.144121009,222
prot54_B.burg,L,0.039800286,0.131157628,223
prot54_B.burg,T,0.12072058,0.124881701,224
prot54_B.burg,I,0.067407958,0.131357434,225
prot54_B.burg,T,0.142764211,0.148721087,226
prot54_B.burg,V,0.113004185,0.159168704,227
prot54_B.burg,N,0.19942759,0.173524587,228
prot54_B.burg,N,0.24369441,0.176714591,229
prot54_B.burg,K,0.267391175,0.18260712,230
prot54_B.burg,K,0.238307938,0.176220364,231
prot54_B.burg,T,0.169003233,0.18031474,232
prot54_B.burg,K,0.149430618,0.172064855,233
prot54_B.burg,A,0.120440722,0.166090521,234
prot54_B.burg,L,0.085283406,0.159119565,235
prot54_B.burg,V,0.149853572,0.16280821,236
prot54_B.burg,F,0.12517862,0.165945759,237
prot54_B.burg,T,0.189925402,0.171836483,238
prot54_B.burg,K,0.204652578,0.167010421,239
prot54_B.burg,Q,0.271505743,0.178568408,240
prot54_B.burg,D,0.197241172,0.171357098,241
prot54_B.burg,T,0.202447131,0.175930819,242
prot54_B.burg,I,0.077006161,0.171142256,243
prot54_B.burg,T,0.189305291,0.17089121,244
prot54_B.burg,S,0.084951781,0.164721197,245
prot54_B.burg,Q,0.166342109,0.171681789,246
prot54_B.burg,K,0.146828339,0.179904874,247
prot54_B.burg,Y,0.202393159,0.193705536,248
prot54_B.burg,D,0.215975627,0.204090584,249
prot54_B.burg,S,0.259886503,0.221016751,250
prot54_B.burg,A,0.276454896,0.228273196,251
prot54_B.burg,G,0.201212123,0.242574058,252
prot54_B.burg,T,0.282770723,0.246818369,253
prot54_B.burg,N,0.237287283,0.251352926,254
prot54_B.burg,L,0.231650114,0.245301429,255
prot54_B.burg,E,0.27553609,0.238530954,256
prot54_B.burg,G,0.240591958,0.246901921,257
prot54_B.burg,T,0.256786644,0.23513477,258
prot54_B.burg,A,0.205423027,0.236239809,259
prot54_B.burg,V,0.21552062,0.234186944,260
prot54_B.burg,E,0.276550829,0.220701901,261
prot54_B.burg,I,0.176866367,0.221701087,262
prot54_B.burg,K,0.247232631,0.218433385,263
prot54_B.burg,T,0.213174328,0.204172261,264
prot54_B.burg,L,0.154170707,0.204913345,265
prot54_B.burg,D,0.24958463,0.203687814,266
prot54_B.burg,E,0.227377325,0.194689637,267
prot54_B.burg,L,0.077072911,0.179017099,268
prot54_B.burg,K,0.22219038,0.180679632,269
prot54_B.burg,N,0.265521049,0.163549553,270
prot54_B.burg,A,0.095882773,0.135817928,271
prot54_B.burg,L,0.106179789,0.11055378,272
prot54_B.burg,R,0.228137121,0.101990124,273
prot57_B.burg,M,0.134214163,0.068552984,1
prot57_B.burg,K,0.139770523,0.076369934,2
prot57_B.burg,K,0.12647903,0.084794349,3
prot57_B.burg,N,0.134085298,0.089582303,4
prot57_B.burg,T,0.082427844,0.093445815,5
prot57_B.burg,L,0.070352547,0.082822673,6
prot57_B.burg,S,0.075819738,0.070931852,7
prot57_B.burg,A,0.043091584,0.061122626,8
prot57_B.burg,I,0.034771606,0.051233905,9
prot57_B.burg,L,0.038605884,0.046649869,10
prot57_B.burg,M,0.032753136,0.0433669,11
prot57_B.burg,T,0.038195997,0.039351077,12
prot57_B.burg,L,0.045086812,0.042378748,13
prot57_B.burg,F,0.041171517,0.044773108,14
prot57_B.burg,L,0.040805828,0.0486474,15
prot57_B.burg,F,0.039677329,0.063973185,16
prot57_B.burg,I,0.070340626,0.085738395,17
prot57_B.burg,S,0.056320846,0.107788003,18
prot57_B.burg,C,0.073474504,0.13130498,19
prot57_B.burg,N,0.170685202,0.1593074,20
prot57_B.burg,N,0.234082893,0.186908594,21
prot57_B.burg,S,0.243533283,0.210273967,22
prot57_B.burg,G,0.252824306,0.235887292,23
prot57_B.burg,K,0.292827606,0.258176481,24
prot57_B.burg,D,0.288088083,0.270256418,25
prot57_B.burg,G,0.280628979,0.274290168,26
prot57_B.burg,N,0.286840767,0.278791563,27
prot57_B.burg,T,0.274077207,0.280200359,28
prot57_B.burg,S,0.27940464,0.276784264,29
prot57_B.burg,A,0.270386636,0.274682674,30
prot57_B.burg,N,0.284045845,0.275453746,31
prot57_B.burg,S,0.265503466,0.272755408,32
prot57_B.burg,A,0.262082756,0.26979327,33
prot57_B.burg,D,0.269173771,0.27053953,34
prot57_B.burg,E,0.287568629,0.266494314,35
prot57_B.burg,S,0.262555718,0.257717591,36
prot57_B.burg,V,0.247417971,0.255764953,37
prot57_B.burg,K,0.286120981,0.247527629,38
prot57_B.burg,G,0.233979687,0.244515782,39
prot57_B.burg,P,0.205055341,0.238940431,40
prot57_B.burg,N,0.247929722,0.226194304,41
prot57_B.burg,L,0.187946841,0.216568319,42
prot57_B.burg,T,0.242067143,0.211330841,43
prot57_B.burg,E,0.237390473,0.206699452,44
prot57_B.burg,I,0.147840574,0.197695427,45
prot57_B.burg,S,0.16078411,0.192421538,46
prot57_B.burg,K,0.238983676,0.190109394,47
prot57_B.burg,K,0.19229719,0.179056061,48
prot57_B.burg,I,0.124019109,0.175139893,49
prot57_B.burg,T,0.200464725,0.17392229,50
prot57_B.burg,D,0.167137548,0.166468482,51
prot57_B.burg,S,0.14258714,0.155324758,52
prot57_B.burg,N,0.202144966,0.154736533,53
prot57_B.burg,A,0.136882141,0.150250831,54
prot57_B.burg,V,0.093699843,0.136953123,55
prot57_B.burg,L,0.138690159,0.139345249,56
prot57_B.burg,L,0.187003165,0.143492014,57
prot57_B.burg,A,0.083647788,0.128934062,58
prot57_B.burg,V,0.080785356,0.132430568,59
prot57_B.burg,K,0.188666686,0.139723344,60
prot57_B.burg,E,0.179908022,0.137804858,61
prot57_B.burg,V,0.071123399,0.128980194,62
prot57_B.burg,E,0.168350697,0.143336812,63
prot57_B.burg,A,0.159334823,0.150915964,64
prot57_B.burg,L,0.121423781,0.141628233,65
prot57_B.burg,L,0.107581191,0.140277274,66
prot57_B.burg,S,0.212857351,0.158794736,67
prot57_B.burg,S,0.148997724,0.15849287,68
prot57_B.burg,I,0.10507711,0.151147338,69
prot57_B.burg,D,0.16774939,0.163580309,70
prot57_B.burg,E,0.237780556,0.167897325,71
prot57_B.burg,L,0.165633902,0.157348389,72
prot57_B.burg,A,0.09322504,0.155857006,73
prot57_B.burg,K,0.233320519,0.172158082,74
prot57_B.burg,A,0.146434337,0.178127219,75
prot57_B.burg,I,0.117916919,0.166397057,76
prot57_B.burg,G,0.13557528,0.174869474,77
prot57_B.burg,K,0.251786798,0.195979326,78
prot57_B.burg,K,0.221471623,0.198726589,79
prot57_B.burg,I,0.132209092,0.20655604,80
prot57_B.burg,K,0.241885662,0.224829319,81
prot57_B.burg,N,0.283213705,0.231839344,82
prot57_B.burg,D,0.258045882,0.228792626,83
prot57_B.burg,G,0.216899395,0.234080325,84
prot57_B.burg,S,0.282376438,0.248239726,85
prot57_B.burg,L,0.1986655,0.24427513,86
prot57_B.burg,G,0.224366337,0.241794301,87
prot57_B.burg,D,0.26906091,0.2372342,88
prot57_B.burg,E,0.259643704,0.234587924,89
prot57_B.burg,A,0.206204295,0.230570094,90
prot57_B.burg,N,0.260886252,0.227784513,91
prot57_B.burg,H,0.21700497,0.216769252,92
prot57_B.burg,N,0.193082914,0.204716995,93
prot57_B.burg,E,0.246215969,0.19727747,94
prot57_B.burg,S,0.173595265,0.190908621,95
prot57_B.burg,L,0.125228986,0.169029621,96
prot57_B.burg,L,0.160590604,0.167459894,97
prot57_B.burg,A,0.192687973,0.165342698,98
prot57_B.burg,G,0.148884654,0.148616279,99
prot57_B.burg,A,0.063975252,0.14070273,100
prot57_B.burg,Y,0.202877432,0.144914431,101
prot57_B.burg,T,0.174028143,0.142562024,102
prot57_B.burg,I,0.095678203,0.128380263,103
prot57_B.burg,S,0.102373324,0.126540566,104
prot57_B.burg,T,0.163134292,0.13964757,105
prot57_B.burg,L,0.139418945,0.136911488,106
prot57_B.burg,I,0.065052122,0.124724525,107
prot57_B.burg,T,0.132327378,0.137845347,108
prot57_B.burg,Q,0.181938291,0.154541245,109
prot57_B.burg,K,0.178252697,0.146881245,110
prot57_B.burg,L,0.064345472,0.159659946,111
prot57_B.burg,S,0.213765606,0.170407513,112
prot57_B.burg,K,0.252636403,0.175934465,113
prot57_B.burg,L,0.094194293,0.187659155,114
prot57_B.burg,N,0.254427254,0.19097267,115
prot57_B.burg,G,0.161780223,0.194239121,116
prot57_B.burg,S,0.182069942,0.19700816,117
prot57_B.burg,E,0.287460506,0.198683389,118
prot57_B.burg,G,0.208074331,0.209264407,119
prot57_B.burg,L,0.093743525,0.188064074,120
prot57_B.burg,K,0.238686964,0.190268439,121
prot57_B.burg,E,0.267713457,0.187071757,122
prot57_B.burg,K,0.189423457,0.160046221,123
prot57_B.burg,I,0.063624255,0.154080906,124
prot57_B.burg,A,0.18161951,0.170983497,125
prot57_B.burg,A,0.153299809,0.159389978,126
prot57_B.burg,A,0.044230685,0.13753188,127
prot57_B.burg,K,0.154386491,0.142391498,128
prot57_B.burg,K,0.24586685,0.156716122,129
prot57_B.burg,C,0.134345293,0.146821242,130
prot57_B.burg,S,0.07099057,0.146572673,131
prot57_B.burg,E,0.233160019,0.170669657,132
prot57_B.burg,E,0.192545876,0.173844771,133
prot57_B.burg,F,0.092565589,0.155100362,134
prot57_B.burg,S,0.151062682,0.167130747,135
prot57_B.burg,T,0.261103541,0.188556785,136
prot57_B.burg,K,0.182962522,0.179835449,137
prot57_B.burg,L,0.077167168,0.174295522,138
prot57_B.burg,K,0.242618755,0.192664582,139
prot57_B.burg,D,0.26382491,0.205611769,140
prot57_B.burg,N,0.154668003,0.194254489,141
prot57_B.burg,H,0.142686531,0.204082022,142
prot57_B.burg,A,0.257887125,0.221505569,143
prot57_B.burg,Q,0.267587364,0.22637988,144
prot57_B.burg,L,0.158888027,0.222231204,145
prot57_B.burg,G,0.271410316,0.228345252,146
prot57_B.burg,I,0.233979091,0.241200422,147
prot57_B.burg,Q,0.28648755,0.239409718,148
prot57_B.burg,G,0.226486832,0.240445895,149
prot57_B.burg,V,0.20969443,0.253479833,150
prot57_B.burg,T,0.258383065,0.237331175,151
prot57_B.burg,D,0.241770789,0.236472693,152
prot57_B.burg,E,0.276912957,0.234658437,153
prot57_B.burg,N,0.27619347,0.224409261,154
prot57_B.burg,A,0.126072392,0.212785113,155
prot57_B.burg,K,0.22625275,0.207370804,156
prot57_B.burg,K,0.270159245,0.207325349,157
prot57_B.burg,A,0.134244248,0.190768267,158
prot57_B.burg,I,0.105077103,0.181924517,159
prot57_B.burg,L,0.209654287,0.191483764,160
prot57_B.burg,K,0.241361693,0.187156672,161
prot57_B.burg,A,0.127899215,0.179517047,162
prot57_B.burg,N,0.196599722,0.193801517,163
prot57_B.burg,A,0.212105617,0.207901317,164
prot57_B.burg,A,0.187308922,0.21367929,165
prot57_B.burg,G,0.201402619,0.203244615,166
prot57_B.burg,K,0.262804478,0.20478969,167
prot57_B.burg,D,0.231975302,0.212057927,168
prot57_B.burg,K,0.261656046,0.211029362,169
prot57_B.burg,G,0.147449613,0.198460697,170
prot57_B.burg,V,0.141804889,0.201821899,171
prot57_B.burg,E,0.262013853,0.199143869,172
prot57_B.burg,E,0.202848539,0.185501798,173
prot57_B.burg,L,0.074190937,0.172417286,174
prot57_B.burg,E,0.231653437,0.181899249,175
prot57_B.burg,K,0.238702208,0.181064532,176
prot57_B.burg,L,0.109196663,0.160728866,177
prot57_B.burg,S,0.143895432,0.165344723,178
prot57_B.burg,G,0.232787281,0.180970838,179
prot57_B.burg,S,0.134292439,0.165235557,180
prot57_B.burg,L,0.078992859,0.15389743,181
prot57_B.burg,E,0.244391248,0.170513209,182
prot57_B.burg,S,0.214825973,0.169373227,183
prot57_B.burg,L,0.090035908,0.152634674,184
prot57_B.burg,S,0.136659071,0.161623163,185
prot57_B.burg,K,0.258738667,0.181900251,186
prot57_B.burg,A,0.133635595,0.172596155,187
prot57_B.burg,A,0.082140304,0.165453254,188
prot57_B.burg,K,0.215188846,0.178737901,189
prot57_B.burg,E,0.26148665,0.191699675,190
prot57_B.burg,M,0.160654381,0.180683625,191
prot57_B.burg,L,0.15053986,0.184435092,192
prot57_B.burg,A,0.209597737,0.205326652,193
prot57_B.burg,N,0.253315032,0.209418741,194
prot57_B.burg,S,0.159594223,0.202247962,195
prot57_B.burg,V,0.167398795,0.209666979,196
prot57_B.burg,K,0.270164341,0.221639365,197
prot57_B.burg,E,0.252017647,0.225582896,198
prot57_B.burg,L,0.196949646,0.2268039,199
prot57_B.burg,T,0.227425531,0.239418281,200
prot57_B.burg,S,0.258291334,0.249820423,201
prot57_B.burg,P,0.245089516,0.251915877,202
prot57_B.burg,V,0.264304072,0.255894669,203
prot57_B.burg,V,0.273123652,0.264853411,204
prot57_B.burg,A,0.261018068,0.271900215,205
prot57_B.burg,E,0.289023429,0.27551774,206
prot57_B.burg,S,0.287826777,0.276030898,207
prot57_B.burg,P,0.277578324,0.246663779,208
prot57_B.burg,K,0.290846765,0.216316707,209
prot57_B.burg,K,0.29084906,0.187314699,210
prot57_B.burg,P,0.249707937,0.155200985,211
prot8_B.burg,M,0.091260493,0.050518593,1
prot8_B.burg,G,0.103248358,0.056575773,2
prot8_B.burg,K,0.145601183,0.063539165,3
prot8_B.burg,I,0.071117714,0.068318976,4
prot8_B.burg,L,0.043439593,0.071557517,5
prot8_B.burg,F,0.054514617,0.064722038,6
prot8_B.burg,F,0.062670529,0.057421546,7
prot8_B.burg,G,0.043018296,0.044880224,8
prot8_B.burg,L,0.029146874,0.040306092,9
prot8_B.burg,L,0.029741174,0.038259134,10
prot8_B.burg,L,0.037543934,0.038212439,11
prot8_B.burg,I,0.032729287,0.037683996,12
prot8_B.burg,C,0.029950524,0.036878812,13
prot8_B.burg,I,0.025016969,0.040230079,14
prot8_B.burg,F,0.054094363,0.049483256,15
prot8_B.burg,L,0.057914544,0.05454744,16
prot8_B.burg,G,0.035771638,0.062438521,17
prot8_B.burg,F,0.059308279,0.076045551,18
prot8_B.burg,F,0.113019764,0.093164222,19
prot8_B.burg,F,0.08312159,0.107294701,20
prot8_B.burg,Y,0.103749014,0.123128047,21
prot8_B.burg,K,0.1524138,0.138030813,22
prot8_B.burg,Q,0.179085001,0.149765198,23
prot8_B.burg,K,0.181268677,0.153483238,24
prot8_B.burg,E,0.200414658,0.159419542,25
prot8_B.burg,N,0.169896528,0.168204124,26
prot8_B.burg,N,0.164917752,0.171697862,27
prot8_B.burg,V,0.146482125,0.168690256,28
prot8_B.burg,I,0.136548325,0.164049851,29
prot8_B.burg,Y,0.182810247,0.161558448,30
prot8_B.burg,N,0.183857441,0.166333233,31
prot8_B.burg,K,0.15201655,0.166662508,32
prot8_B.burg,I,0.139505029,0.16934498,33
prot8_B.burg,V,0.177992031,0.178338834,34
prot8_B.burg,E,0.212869599,0.179202629,35
prot8_B.burg,K,0.167881221,0.178134057,36
prot8_B.burg,F,0.170624375,0.17424053,37
prot8_B.burg,D,0.217493013,0.17751042,38
prot8_B.burg,D,0.190584406,0.173511643,39
prot8_B.burg,N,0.174240291,0.165240146,40
prot8_B.burg,V,0.116974808,0.165727944,41
prot8_B.burg,F,0.168934032,0.160094049,42
prot8_B.burg,V,0.142003044,0.155349243,43
prot8_B.burg,D,0.138426125,0.144772482,44
prot8_B.burg,E,0.172271401,0.141437763,45
prot8_B.burg,T,0.119919322,0.1408959,46
prot8_B.burg,Y,0.174789757,0.137679693,47
prot8_B.burg,T,0.095393561,0.14009233,48
prot8_B.burg,Y,0.144227818,0.144533715,49
prot8_B.burg,L,0.112098038,0.14733901,50
prot8_B.burg,F,0.139988169,0.155422468,51
prot8_B.burg,K,0.163716778,0.154884256,52
prot8_B.burg,D,0.178398594,0.163706117,53
prot8_B.burg,S,0.197519049,0.165405777,54
prot8_B.burg,N,0.19267045,0.164320237,55
prot8_B.burg,L,0.169945851,0.160955907,56
prot8_B.burg,K,0.174790308,0.153851997,57
prot8_B.burg,E,0.159524754,0.146202532,58
prot8_B.burg,L,0.102328181,0.139754164,59
prot8_B.burg,V,0.109709196,0.129084473,60
prot8_B.burg,F,0.099781588,0.12719115,61
prot8_B.burg,I,0.109553412,0.121608039,62
prot8_B.burg,K,0.139483735,0.123128045,63
prot8_B.burg,S,0.096643232,0.129070653,64
prot8_B.burg,Q,0.152905941,0.136705472,65
prot8_B.burg,L,0.124542311,0.148862651,66
prot8_B.burg,I,0.173204809,0.15805023,67
prot8_B.burg,I,0.155811653,0.166082246,68
prot8_B.burg,P,0.17842257,0.177975487,69
prot8_B.burg,E,0.209196195,0.186643283,70
prot8_B.burg,L,0.192241624,0.196253599,71
prot8_B.burg,K,0.211771876,0.199334163,72
prot8_B.burg,H,0.203682408,0.199934968,73
prot8_B.burg,K,0.230916098,0.205753229,74
prot8_B.burg,K,0.211035162,0.2010337,75
prot8_B.burg,M,0.20092988,0.203999733,76
prot8_B.burg,I,0.161218897,0.200383984,77
prot8_B.burg,K,0.23078692,0.204299625,78
prot8_B.burg,A,0.166720435,0.20752241,79
prot8_B.burg,T,0.218935922,0.204268267,80
prot8_B.burg,G,0.179230139,0.208164689,81
prot8_B.burg,Y,0.238923177,0.208686537,82
prot8_B.burg,R,0.259921163,0.2110842,83
prot8_B.burg,A,0.181747869,0.218218337,84
prot8_B.burg,D,0.235997677,0.210604274,85
prot8_B.burg,A,0.165915534,0.21002746,86
prot8_B.burg,Y,0.252365887,0.201736543,87
prot8_B.burg,K,0.230927661,0.183431529,88
prot8_B.burg,A,0.150409356,0.17770529,89
prot8_B.burg,L,0.174038813,0.158938187,90
prot8_B.burg,S,0.164304927,0.158052949,91
prot8_B.burg,T,0.095176041,0.133958833,92
prot8_B.burg,V,0.130211711,0.124324585,93
prot8_B.burg,Y,0.067093752,0.112526638,94
prot8_B.burg,R,0.15794839,0.111271212,95
prot8_B.burg,F,0.035518851,0.102029784,96
prot8_B.burg,D,0.144219428,0.112197944,97
prot8_B.burg,F,0.044227831,0.114200897,98
prot8_B.burg,K,0.162739977,0.123833424,99
prot8_B.burg,V,0.081132077,0.125771111,100
prot8_B.burg,H,0.186689481,0.138879435,101
prot8_B.burg,D,0.148238286,0.13754714,102
prot8_B.burg,N,0.153786495,0.146618119,103
prot8_B.burg,K,0.175387576,0.135117262,104
prot8_B.burg,I,0.153493762,0.143566716,105
prot8_B.burg,L,0.132228777,0.138643884,106
prot8_B.burg,G,0.125866637,0.125758183,107
prot8_B.burg,F,0.059232265,0.122860154,108
prot8_B.burg,K,0.157177165,0.10706356,109
prot8_B.burg,S,0.142383993,0.108252863,110
prot8_B.burg,V,0.032266978,0.102799763,111
prot8_B.burg,I,0.127704233,0.105822262,112
prot8_B.burg,F,0.033218231,0.121895777,113
prot8_B.burg,E,0.16419749,0.129126155,114
prot8_B.burg,G,0.083150879,0.121881549,115
prot8_B.burg,F,0.153069124,0.139287383,116
prot8_B.burg,E,0.2038939,0.135886223,117
prot8_B.burg,D,0.222250566,0.144676757,118
prot8_B.burg,A,0.077182539,0.145283792,119
prot8_B.burg,K,0.188919485,0.149752052,120
prot8_B.burg,V,0.097093791,0.157888366,121
prot8_B.burg,S,0.112333037,0.155281506,122
prot8_B.burg,K,0.169660807,0.154510836,123
prot8_B.burg,H,0.123365223,0.165798398,124
prot8_B.burg,E,0.226295948,0.169581144,125
prot8_B.burg,N,0.180432156,0.183037707,126
prot8_B.burg,N,0.215314537,0.195966959,127
prot8_B.burg,L,0.178770602,0.201508411,128
prot8_B.burg,P,0.222964197,0.212451711,129
prot8_B.burg,S,0.218202859,0.210959633,130
prot8_B.burg,E,0.228696302,0.215572834,131
prot8_B.burg,K,0.219533876,0.212691012,132
prot8_B.burg,W,0.221854925,0.221241477,133
prot8_B.burg,Q,0.212867245,0.222738857,134
prot8_B.burg,Q,0.221950963,0.223494945,135
prot8_B.burg,L,0.189378142,0.226770765,136
prot8_B.burg,K,0.255724788,0.22590317,137
prot8_B.burg,D,0.236440614,0.229314533,138
prot8_B.burg,F,0.225007653,0.235084651,139
prot8_B.burg,N,0.258178681,0.238058097,140
prot8_B.burg,I,0.211725518,0.24688477,141
prot8_B.burg,G,0.252557188,0.239304233,142
prot8_B.burg,D,0.264798313,0.240124178,143
prot8_B.burg,P,0.248711973,0.244907149,144
prot8_B.burg,N,0.2688182,0.244761883,145
prot8_B.burg,I,0.187499955,0.244444776,146
prot8_B.burg,N,0.243820116,0.241972301,147
prot8_B.burg,E,0.268054396,0.242783344,148
prot8_B.burg,K,0.256871283,0.244551526,149
prot8_B.burg,F,0.208871558,0.246154418,150
prot8_B.burg,F,0.230304912,0.253269965,151
prot8_B.burg,H,0.272097707,0.253949246,152
prot8_B.burg,L,0.264625609,0.250297076,153
prot8_B.burg,E,0.283244222,0.242050586,154
prot8_B.burg,F,0.251539886,0.237897067,155
prot8_B.burg,P,0.249933645,0.236964482,156
prot8_B.burg,F,0.235184863,0.220770134,157
prot8_B.burg,V,0.182652876,0.204147831,158
prot8_B.burg,V,0.171489879,0.180685697,159
prot8_B.burg,K,0.221911654,0.164720542,160
prot8_B.burg,N,0.12634857,0.141089592,161
prot8_B.burg,T,0.115024887,0.127565334,162
prot8_B.burg,L,0.072085015,0.110180763,163
prot8_B.burg,C,0.107853487,0.102434592,164
prot8_B.burg,V,0.037255097,0.096439055,165
prot8_B.burg,T,0.113466538,0.098191731,166
prot8_B.burg,I,0.026191741,0.095488813,167
prot8_B.burg,S,0.101774335,0.093099014,168
prot8_B.burg,K,0.167951822,0.103700226,169
prot8_B.burg,G,0.142122656,0.122123424,170
prot8_B.burg,F,0.090698622,0.113352072,171
prot8_B.burg,F,0.050576825,0.123089573,172
prot8_B.burg,K,0.2032644,0.132457084,173
prot8_B.burg,K,0.203063875,0.126040153,174
prot8_B.burg,I,0.034524374,0.125343068,175
prot8_B.burg,K,0.113829248,0.134613482,176
prot8_B.burg,K,0.186081931,0.13357176,177
prot8_B.burg,L,0.110199444,0.126489907,178
prot8_B.burg,K,0.135848895,0.106457977,179
prot8_B.burg,R,0.174132347,0.114537919,180
prot8_B.burg,L,0.041201327,0.104663391,181
prot8_B.burg,K,0.139527723,0.099470541,182
prot8_B.burg,I,0.022776503,0.093414264,183
prot8_B.burg,M,0.107243851,0.095629916,184
prot8_B.burg,L,0.024958495,0.092044522,185
prot8_B.burg,I,0.139346287,0.109354392,186
prot8_B.burg,S,0.055692952,0.110690334,187
prot8_B.burg,N,0.155789763,0.1307254,188
prot8_B.burg,E,0.141863793,0.131259246,189
prot8_B.burg,D,0.196990162,0.144543084,190
prot8_B.burg,R,0.151551202,0.134410024,191
prot8_B.burg,E,0.203092098,0.143528558,192
prot8_B.burg,Y,0.112048462,0.132742105,193
prot8_B.burg,K,0.144513041,0.134241455,194
prot8_B.burg,I,0.04814874,0.12556677,195
prot8_B.burg,D,0.13775976,0.117470966,196
prot8_B.burg,I,0.058711689,0.108851062,197
prot8_B.burg,E,0.155357942,0.114203013,198
prot8_B.burg,N,0.118917994,0.116794831,199
prot8_B.burg,F,0.078688972,0.124874414,200
prot8_B.burg,L,0.125512958,0.125719969,201
prot8_B.burg,P,0.160216019,0.127403053,202
prot8_B.burg,K,0.167839408,0.11014106,203
prot8_B.burg,Y,0.120864987,0.096927949,204
prot8_B.burg,N,0.145369753,0.08818473,205
prot8_B.burg,L,0.073859446,0.074238846,206
